Workbook

Sheet מלאי
A1: זיהוי מוצר | C1: פרטים | F1: בד | H1: הדפסים | J1: תקינות ומאפיינים | T1: סטטוס | U1: הערות | V1: השאלה
A2: קו מוצר | B2: שם מוצר | C2: גרסה | D2: מזהה ייחודי | E2: מק"ט (אוטומטי) | F2: סוג בד 1 | G2: סוג בד 2 | H2: הדפס צד א' | I2: הדפס צד ב' | J2: תקין ויזואלית א' | K2: תקין ויזואלית ב' | L2: תקין תרמית A' | M2: תקין תרמית ב' | N2: פיצ'רים תקינים | O2: גרסה סופית | P2: הערות גרסה/פיצ'רים | Q2: גרסה מיוחדת(פיתוח) | R2: מידה | S2: פער בתכולה | T2: סטטוס | U2: הערות | V2: מושאל ל | W2: מדינה | X2: אחראי מהחברה | Y2: החזרה משוערת | Z2: סביבה A' | AA2: סביבה משנית A' | AB2: סביבה ב' | AC2: סביבה משנית ב' | AD2: מסנן בקרה | AE2: מסנן טכנו
A3: Blankets | B3: 3D Survival Blanket | C3: V1 | D3: יריעה 3D הדגמה 1 | E3: =IFERROR(INDEX(הגדרות!$I$2:$I$47,MATCH(B3,הגדרות!$H$2:$H$47,0)),"") -> 9029-00 | F3: Mesh | G3: 3D | H3: Ever-Green | I3: Kestrel | J3: כן | K3: כן | L3: כן | M3: כן | O3: כן | Q3: לא | S3: לא | T3: במלאי | Z3: =IFERROR(INDEX(הגדרות!$B$2:$B$17,MATCH(H3,הגדרות!$A$2:$A$17,0)),"") -> מיוער | AA3: =IFERROR(INDEX(הגדרות!$C$2:$C$17,MATCH(H3,הגדרות!$A$2:$A$17,0)),"") -> 0 | AB3: =IFERROR(INDEX(הגדרות!$B$2:$B$17,MATCH(I3,הגדרות!$A$2:$A$17,0)),"") -> מיוער | AC3: =IFERROR(INDEX(הגדרות!$C$2:$C$17,MATCH(I3,הגדרות!$A$2:$A$17,0)),"") -> 0 | AD3: =IF(AND(מלאי!D58<>"",OR(#REF!="הכל",מלאי!Z58=#REF!,מלאי!AA58=#REF!,מלאי!AB58=#REF!,מלאי!AC58=#REF!),OR(#REF!="הכל",מלאי!A58=#REF!),OR(#REF!="הכל",מלאי!B58=#REF!),OR(#REF!="הכל",מלאי!F58=#REF!,מלאי!G58=#REF!),OR(#REF!="הכל",מלאי!T58=#REF!),OR(#REF!="הכל",מלאי!Q58=#REF!),OR(#REF!="הכל",מלאי!J58=#REF!),OR(#REF!="הכל",מלאי!L58=#REF!),OR(#REF!="הכל",מלאי!O58=#REF!),OR(#REF!="הכל",מלאי!R58=#REF!),OR(#REF!="הכל",#REF!="",מלאי!W58=#REF!),OR(#REF!="הכל",#REF!="",ISNUMBER(SEARCH(#REF!,מלאי!C58)))),1,0) -> #REF! | AE3: =IF(AND(מלאי!D58<>"",OR(#REF!="הכל",מלאי!Z58=#REF!,מלאי!AA58=#REF!,מלאי!AB58=#REF!,מלאי!AC58=#REF!),OR(#REF!="הכל",מלאי!A58=#REF!),OR(#REF!="הכל",מלאי!B58=#REF!),OR(#REF!="הכל",מלאי!F58=#REF!,מלאי!G58=#REF!),OR(#REF!="הכל",מלאי!T58=#REF!),OR(#REF!="הכל",מלאי!Q58=#REF!),OR(#REF!="הכל",מלאי!J58=#REF!),OR(#REF!="הכל",מלאי!L58=#REF!),OR(#REF!="הכל",מלאי!O58=#REF!),OR(#REF!="הכל",מלאי!R58=#REF!),OR(#REF!="הכל",#REF!="",מלאי!W58=#REF!),OR(#REF!="הכל",#REF!="",ISNUMBER(SEARCH(#REF!,מלאי!C58))),OR(#REF!="הכל",מלאי!#REF!=#REF!)),1,0) -> #REF! | AF3: =IF(AD3=1,COUNTIF($AD$3:$AD3,1),"") -> #REF! | AG3: =IF(AE3=1,COUNTIF($AE$3:$AE3,1),"") -> #REF!
A4: Blankets | B4: 3D Survival Blanket | C4: V1 | D4: יריעה 3D תצוגה 2 | E4: =IFERROR(INDEX(הגדרות!$I$2:$I$47,MATCH(B4,הגדרות!$H$2:$H$47,0)),"") -> 9029-00 | F4: Mesh | G4: 3D | H4: Ever-Green | I4: Kestrel | J4: כן | K4: כן | L4: כן | M4: כן | O4: כן | Q4: לא | S4: לא | T4: במלאי | Z4: =IFERROR(INDEX(הגדרות!$B$2:$B$17,MATCH(H4,הגדרות!$A$2:$A$17,0)),"") -> מיוער | AA4: =IFERROR(INDEX(הגדרות!$C$2:$C$17,MATCH(H4,הגדרות!$A$2:$A$17,0)),"") -> 0 | AB4: =IFERROR(INDEX(הגדרות!$B$2:$B$17,MATCH(I4,הגדרות!$A$2:$A$17,0)),"") -> מיוער | AC4: =IFERROR(INDEX(הגדרות!$C$2:$C$17,MATCH(I4,הגדרות!$A$2:$A$17,0)),"") -> 0 | AD4: =IF(AND(מלאי!D59<>"",OR(#REF!="הכל",מלאי!Z59=#REF!,מלאי!AA59=#REF!,מלאי!AB59=#REF!,מלאי!AC59=#REF!),OR(#REF!="הכל",מלאי!A59=#REF!),OR(#REF!="הכל",מלאי!B59=#REF!),OR(#REF!="הכל",מלאי!F59=#REF!,מלאי!G59=#REF!),OR(#REF!="הכל",מלאי!T59=#REF!),OR(#REF!="הכל",מלאי!Q59=#REF!),OR(#REF!="הכל",מלאי!J59=#REF!),OR(#REF!="הכל",מלאי!L59=#REF!),OR(#REF!="הכל",מלאי!O59=#REF!),OR(#REF!="הכל",מלאי!R59=#REF!),OR(#REF!="הכל",#REF!="",מלאי!W59=#REF!),OR(#REF!="הכל",#REF!="",ISNUMBER(SEARCH(#REF!,מלאי!C59)))),1,0) -> #REF! | AE4: =IF(AND(מלאי!D59<>"",OR(#REF!="הכל",מלאי!Z59=#REF!,מלאי!AA59=#REF!,מלאי!AB59=#REF!,מלאי!AC59=#REF!),OR(#REF!="הכל",מלאי!A59=#REF!),OR(#REF!="הכל",מלאי!B59=#REF!),OR(#REF!="הכל",מלאי!F59=#REF!,מלאי!G59=#REF!),OR(#REF!="הכל",מלאי!T59=#REF!),OR(#REF!="הכל",מלאי!Q59=#REF!),OR(#REF!="הכל",מלאי!J59=#REF!),OR(#REF!="הכל",מלאי!L59=#REF!),OR(#REF!="הכל",מלאי!O59=#REF!),OR(#REF!="הכל",מלאי!R59=#REF!),OR(#REF!="הכל",#REF!="",מלאי!W59=#REF!),OR(#REF!="הכל",#REF!="",ISNUMBER(SEARCH(#REF!,מלאי!C59))),OR(#REF!="הכל",מלאי!#REF!=#REF!)),1,0) -> #REF! | AF4: =IF(AD4=1,COUNTIF($AD$3:$AD4,1),"") -> #REF! | AG4: =IF(AE4=1,COUNTIF($AE$3:$AE4,1),"") -> #REF!
A5: Hide Site | B5: 6X6 Hide Site | C5: V1 | E5: =IFERROR(INDEX(הגדרות!$I$2:$I$47,MATCH(B5,הגדרות!$H$2:$H$47,0)),"") -> 9095-00 | F5: MRG | H5: Ever-Green | I5: Desert | J5: כן | K5: כן | L5: כן | M5: כן | O5: לא | Q5: כן | T5: במלאי | U5: הזמנה מיוחדת | Z5: =IFERROR(INDEX(הגדרות!$B$2:$B$17,MATCH(H5,הגדרות!$A$2:$A$17,0)),"") -> מיוער | AA5: =IFERROR(INDEX(הגדרות!$C$2:$C$17,MATCH(H5,הגדרות!$A$2:$A$17,0)),"") -> 0 | AB5: =IFERROR(INDEX(הגדרות!$B$2:$B$17,MATCH(I5,הגדרות!$A$2:$A$17,0)),"") -> מדברי | AC5: =IFERROR(INDEX(הגדרות!$C$2:$C$17,MATCH(I5,הגדרות!$A$2:$A$17,0)),"") -> 0 | AD5: =IF(AND(מלאי!D127<>"",OR(#REF!="הכל",מלאי!Z127=#REF!,מלאי!AA127=#REF!,מלאי!AB127=#REF!,מלאי!AC127=#REF!),OR(#REF!="הכל",מלאי!A127=#REF!),OR(#REF!="הכל",מלאי!B127=#REF!),OR(#REF!="הכל",מלאי!F127=#REF!,מלאי!G127=#REF!),OR(#REF!="הכל",מלאי!T127=#REF!),OR(#REF!="הכל",מלאי!Q127=#REF!),OR(#REF!="הכל",מלאי!J127=#REF!),OR(#REF!="הכל",מלאי!L127=#REF!),OR(#REF!="הכל",מלאי!O127=#REF!),OR(#REF!="הכל",מלאי!R127=#REF!),OR(#REF!="הכל",#REF!="",מלאי!W127=#REF!),OR(#REF!="הכל",#REF!="",ISNUMBER(SEARCH(#REF!,מלאי!C127)))),1,0) -> #REF! | AE5: =IF(AND(מלאי!D127<>"",OR(#REF!="הכל",מלאי!Z127=#REF!,מלאי!AA127=#REF!,מלאי!AB127=#REF!,מלאי!AC127=#REF!),OR(#REF!="הכל",מלאי!A127=#REF!),OR(#REF!="הכל",מלאי!B127=#REF!),OR(#REF!="הכל",מלאי!F127=#REF!,מלאי!G127=#REF!),OR(#REF!="הכל",מלאי!T127=#REF!),OR(#REF!="הכל",מלאי!Q127=#REF!),OR(#REF!="הכל",מלאי!J127=#REF!),OR(#REF!="הכל",מלאי!L127=#REF!),OR(#REF!="הכל",מלאי!O127=#REF!),OR(#REF!="הכל",מלאי!R127=#REF!),OR(#REF!="הכל",#REF!="",מלאי!W127=#REF!),OR(#REF!="הכל",#REF!="",ISNUMBER(SEARCH(#REF!,מלאי!C127))),OR(#REF!="הכל",מלאי!#REF!=#REF!)),1,0) -> #REF! | AF5: =IF(AD5=1,COUNTIF($AD$3:$AD5,1),"") -> #REF! | AG5: =IF(AE5=1,COUNTIF($AE$3:$AE5,1),"") -> #REF!
A6: Hide Site | B6: 6X6 Hide Site | C6: V1 | E6: =IFERROR(INDEX(הגדרות!$I$2:$I$47,MATCH(B6,הגדרות!$H$2:$H$47,0)),"") -> 9095-00 | F6: Beti | H6: Ever-Green | I6: Desert | J6: כן | K6: כן | L6: כן | M6: כן | O6: לא | Q6: כן | T6: במלאי | U6: הזמנה מיוחדת | Z6: =IFERROR(INDEX(הגדרות!$B$2:$B$17,MATCH(H6,הגדרות!$A$2:$A$17,0)),"") -> מיוער | AA6: =IFERROR(INDEX(הגדרות!$C$2:$C$17,MATCH(H6,הגדרות!$A$2:$A$17,0)),"") -> 0 | AB6: =IFERROR(INDEX(הגדרות!$B$2:$B$17,MATCH(I6,הגדרות!$A$2:$A$17,0)),"") -> מדברי | AC6: =IFERROR(INDEX(הגדרות!$C$2:$C$17,MATCH(I6,הגדרות!$A$2:$A$17,0)),"") -> 0 | AD6: =IF(AND(מלאי!D128<>"",OR(#REF!="הכל",מלאי!Z128=#REF!,מלאי!AA128=#REF!,מלאי!AB128=#REF!,מלאי!AC128=#REF!),OR(#REF!="הכל",מלאי!A128=#REF!),OR(#REF!="הכל",מלאי!B128=#REF!),OR(#REF!="הכל",מלאי!F128=#REF!,מלאי!G128=#REF!),OR(#REF!="הכל",מלאי!T128=#REF!),OR(#REF!="הכל",מלאי!Q128=#REF!),OR(#REF!="הכל",מלאי!J128=#REF!),OR(#REF!="הכל",מלאי!L128=#REF!),OR(#REF!="הכל",מלאי!O128=#REF!),OR(#REF!="הכל",מלאי!R128=#REF!),OR(#REF!="הכל",#REF!="",מלאי!W128=#REF!),OR(#REF!="הכל",#REF!="",ISNUMBER(SEARCH(#REF!,מלאי!C128)))),1,0) -> #REF! | AE6: =IF(AND(מלאי!D128<>"",OR(#REF!="הכל",מלאי!Z128=#REF!,מלאי!AA128=#REF!,מלאי!AB128=#REF!,מלאי!AC128=#REF!),OR(#REF!="הכל",מלאי!A128=#REF!),OR(#REF!="הכל",מלאי!B128=#REF!),OR(#REF!="הכל",מלאי!F128=#REF!,מלאי!G128=#REF!),OR(#REF!="הכל",מלאי!T128=#REF!),OR(#REF!="הכל",מלאי!Q128=#REF!),OR(#REF!="הכל",מלאי!J128=#REF!),OR(#REF!="הכל",מלאי!L128=#REF!),OR(#REF!="הכל",מלאי!O128=#REF!),OR(#REF!="הכל",מלאי!R128=#REF!),OR(#REF!="הכל",#REF!="",מלאי!W128=#REF!),OR(#REF!="הכל",#REF!="",ISNUMBER(SEARCH(#REF!,מלאי!C128))),OR(#REF!="הכל",מלאי!#REF!=#REF!)),1,0) -> #REF! | AF6: =IF(AD6=1,COUNTIF($AD$3:$AD6,1),"") -> #REF! | AG6: =IF(AE6=1,COUNTIF($AE$3:$AE6,1),"") -> #REF!
A7: OverGarment | B7: Arctic Jacket | C7: V1 | D7: Arctic Jacket Fresh 1 | E7: =IFERROR(INDEX(הגדרות!$I$2:$I$47,MATCH(B7,הגדרות!$H$2:$H$47,0)),"") -> 7051-00 | F7: RIPSTOP Double Layer | H7: Fresh Snow | J7: כן | K7: כן | L7: כן | M7: כן | N7: לא | P7: אקססוריז לא בלבן | T7: במלאי | Z7: =IFERROR(INDEX(הגדרות!$B$2:$B$17,MATCH(H7,הגדרות!$A$2:$A$17,0)),"") -> שלג | AA7: =IFERROR(INDEX(הגדרות!$C$2:$C$17,MATCH(H7,הגדרות!$A$2:$A$17,0)),"") -> 0 | AB7: =IFERROR(INDEX(הגדרות!$B$2:$B$17,MATCH(I7,הגדרות!$A$2:$A$17,0)),"") | AC7: =IFERROR(INDEX(הגדרות!$C$2:$C$17,MATCH(I7,הגדרות!$A$2:$A$17,0)),"") | AD7: =IF(AND(מלאי!D96<>"",OR(#REF!="הכל",מלאי!Z96=#REF!,מלאי!AA96=#REF!,מלאי!AB96=#REF!,מלאי!AC96=#REF!),OR(#REF!="הכל",מלאי!A96=#REF!),OR(#REF!="הכל",מלאי!B96=#REF!),OR(#REF!="הכל",מלאי!F96=#REF!,מלאי!G96=#REF!),OR(#REF!="הכל",מלאי!T96=#REF!),OR(#REF!="הכל",מלאי!Q96=#REF!),OR(#REF!="הכל",מלאי!J96=#REF!),OR(#REF!="הכל",מלאי!L96=#REF!),OR(#REF!="הכל",מלאי!O96=#REF!),OR(#REF!="הכל",מלאי!R96=#REF!),OR(#REF!="הכל",#REF!="",מלאי!W96=#REF!),OR(#REF!="הכל",#REF!="",ISNUMBER(SEARCH(#REF!,מלאי!C96)))),1,0) -> #REF! | AE7: =IF(AND(מלאי!D96<>"",OR(#REF!="הכל",מלאי!Z96=#REF!,מלאי!AA96=#REF!,מלאי!AB96=#REF!,מלאי!AC96=#REF!),OR(#REF!="הכל",מלאי!A96=#REF!),OR(#REF!="הכל",מלאי!B96=#REF!),OR(#REF!="הכל",מלאי!F96=#REF!,מלאי!G96=#REF!),OR(#REF!="הכל",מלאי!T96=#REF!),OR(#REF!="הכל",מלאי!Q96=#REF!),OR(#REF!="הכל",מלאי!J96=#REF!),OR(#REF!="הכל",מלאי!L96=#REF!),OR(#REF!="הכל",מלאי!O96=#REF!),OR(#REF!="הכל",מלאי!R96=#REF!),OR(#REF!="הכל",#REF!="",מלאי!W96=#REF!),OR(#REF!="הכל",#REF!="",ISNUMBER(SEARCH(#REF!,מלאי!C96))),OR(#REF!="הכל",מלאי!#REF!=#REF!)),1,0) -> #REF! | AF7: =IF(AD7=1,COUNTIF($AD$3:$AD7,1),"") -> #REF! | AG7: =IF(AE7=1,COUNTIF($AE$3:$AE7,1),"") -> #REF!
A8: OverGarment | B8: Arctic Jacket | C8: V1 | D8: Arctic Suit Top Fresh 1 | E8: =IFERROR(INDEX(הגדרות!$I$2:$I$47,MATCH(B8,הגדרות!$H$2:$H$47,0)),"") -> 7051-00 | F8: RIPSTOP Double Layer | H8: Fresh Snow | J8: כן | K8: כן | L8: כן | M8: כן | N8: כן | T8: במלאי | Z8: =IFERROR(INDEX(הגדרות!$B$2:$B$17,MATCH(H8,הגדרות!$A$2:$A$17,0)),"") -> שלג | AA8: =IFERROR(INDEX(הגדרות!$C$2:$C$17,MATCH(H8,הגדרות!$A$2:$A$17,0)),"") -> 0 | AB8: =IFERROR(INDEX(הגדרות!$B$2:$B$17,MATCH(I8,הגדרות!$A$2:$A$17,0)),"") | AC8: =IFERROR(INDEX(הגדרות!$C$2:$C$17,MATCH(I8,הגדרות!$A$2:$A$17,0)),"") | AD8: =IF(AND(מלאי!D97<>"",OR(#REF!="הכל",מלאי!Z97=#REF!,מלאי!AA97=#REF!,מלאי!AB97=#REF!,מלאי!AC97=#REF!),OR(#REF!="הכל",מלאי!A97=#REF!),OR(#REF!="הכל",מלאי!B97=#REF!),OR(#REF!="הכל",מלאי!F97=#REF!,מלאי!G97=#REF!),OR(#REF!="הכל",מלאי!T97=#REF!),OR(#REF!="הכל",מלאי!Q97=#REF!),OR(#REF!="הכל",מלאי!J97=#REF!),OR(#REF!="הכל",מלאי!L97=#REF!),OR(#REF!="הכל",מלאי!O97=#REF!),OR(#REF!="הכל",מלאי!R97=#REF!),OR(#REF!="הכל",#REF!="",מלאי!W97=#REF!),OR(#REF!="הכל",#REF!="",ISNUMBER(SEARCH(#REF!,מלאי!C97)))),1,0) -> #REF! | AE8: =IF(AND(מלאי!D97<>"",OR(#REF!="הכל",מלאי!Z97=#REF!,מלאי!AA97=#REF!,מלאי!AB97=#REF!,מלאי!AC97=#REF!),OR(#REF!="הכל",מלאי!A97=#REF!),OR(#REF!="הכל",מלאי!B97=#REF!),OR(#REF!="הכל",מלאי!F97=#REF!,מלאי!G97=#REF!),OR(#REF!="הכל",מלאי!T97=#REF!),OR(#REF!="הכל",מלאי!Q97=#REF!),OR(#REF!="הכל",מלאי!J97=#REF!),OR(#REF!="הכל",מלאי!L97=#REF!),OR(#REF!="הכל",מלאי!O97=#REF!),OR(#REF!="הכל",מלאי!R97=#REF!),OR(#REF!="הכל",#REF!="",מלאי!W97=#REF!),OR(#REF!="הכל",#REF!="",ISNUMBER(SEARCH(#REF!,מלאי!C97))),OR(#REF!="הכל",מלאי!#REF!=#REF!)),1,0) -> #REF! | AF8: =IF(AD8=1,COUNTIF($AD$3:$AD8,1),"") -> #REF! | AG8: =IF(AE8=1,COUNTIF($AE$3:$AE8,1),"") -> #REF!
A9: OverGarment | B9: Arctic Jacket | C9: V1 | D9: Arctic Suit Bot Fresh 1 | E9: =IFERROR(INDEX(הגדרות!$I$2:$I$47,MATCH(B9,הגדרות!$H$2:$H$47,0)),"") -> 7051-00 | F9: RIPSTOP Double Layer | H9: Fresh Snow | J9: כן | K9: כן | L9: כן | M9: כן | N9: כן | T9: במלאי | Z9: =IFERROR(INDEX(הגדרות!$B$2:$B$17,MATCH(H9,הגדרות!$A$2:$A$17,0)),"") -> שלג | AA9: =IFERROR(INDEX(הגדרות!$C$2:$C$17,MATCH(H9,הגדרות!$A$2:$A$17,0)),"") -> 0 | AB9: =IFERROR(INDEX(הגדרות!$B$2:$B$17,MATCH(I9,הגדרות!$A$2:$A$17,0)),"") | AC9: =IFERROR(INDEX(הגדרות!$C$2:$C$17,MATCH(I9,הגדרות!$A$2:$A$17,0)),"") | AD9: =IF(AND(מלאי!D98<>"",OR(#REF!="הכל",מלאי!Z98=#REF!,מלאי!AA98=#REF!,מלאי!AB98=#REF!,מלאי!AC98=#REF!),OR(#REF!="הכל",מלאי!A98=#REF!),OR(#REF!="הכל",מלאי!B98=#REF!),OR(#REF!="הכל",מלאי!F98=#REF!,מלאי!G98=#REF!),OR(#REF!="הכל",מלאי!T98=#REF!),OR(#REF!="הכל",מלאי!Q98=#REF!),OR(#REF!="הכל",מלאי!J98=#REF!),OR(#REF!="הכל",מלאי!L98=#REF!),OR(#REF!="הכל",מלאי!O98=#REF!),OR(#REF!="הכל",מלאי!R98=#REF!),OR(#REF!="הכל",#REF!="",מלאי!W98=#REF!),OR(#REF!="הכל",#REF!="",ISNUMBER(SEARCH(#REF!,מלאי!C98)))),1,0) -> #REF! | AE9: =IF(AND(מלאי!D98<>"",OR(#REF!="הכל",מלאי!Z98=#REF!,מלאי!AA98=#REF!,מלאי!AB98=#REF!,מלאי!AC98=#REF!),OR(#REF!="הכל",מלאי!A98=#REF!),OR(#REF!="הכל",מלאי!B98=#REF!),OR(#REF!="הכל",מלאי!F98=#REF!,מלאי!G98=#REF!),OR(#REF!="הכל",מלאי!T98=#REF!),OR(#REF!="הכל",מלאי!Q98=#REF!),OR(#REF!="הכל",מלאי!J98=#REF!),OR(#REF!="הכל",מלאי!L98=#REF!),OR(#REF!="הכל",מלאי!O98=#REF!),OR(#REF!="הכל",מלאי!R98=#REF!),OR(#REF!="הכל",#REF!="",מלאי!W98=#REF!),OR(#REF!="הכל",#REF!="",ISNUMBER(SEARCH(#REF!,מלאי!C98))),OR(#REF!="הכל",מלאי!#REF!=#REF!)),1,0) -> #REF! | AF9: =IF(AD9=1,COUNTIF($AD$3:$AD9,1),"") -> #REF! | AG9: =IF(AE9=1,COUNTIF($AE$3:$AE9,1),"") -> #REF!
A10: OverGarment | B10: Arctic Jacket | C10: V1 | D10: Arctic Jacket Snirt 1 | E10: =IFERROR(INDEX(הגדרות!$I$2:$I$47,MATCH(B10,הגדרות!$H$2:$H$47,0)),"") -> 7051-00 | F10: RIPSTOP Double Layer | H10: Snirt Snow | J10: כן | K10: כן | L10: כן | M10: כן | N10: כן | T10: במלאי | Z10: =IFERROR(INDEX(הגדרות!$B$2:$B$17,MATCH(H10,הגדרות!$A$2:$A$17,0)),"") -> שלג | AA10: =IFERROR(INDEX(הגדרות!$C$2:$C$17,MATCH(H10,הגדרות!$A$2:$A$17,0)),"") -> 0 | AB10: =IFERROR(INDEX(הגדרות!$B$2:$B$17,MATCH(I10,הגדרות!$A$2:$A$17,0)),"") | AC10: =IFERROR(INDEX(הגדרות!$C$2:$C$17,MATCH(I10,הגדרות!$A$2:$A$17,0)),"") | AD10: =IF(AND(מלאי!D93<>"",OR(#REF!="הכל",מלאי!Z99=#REF!,מלאי!AA99=#REF!,מלאי!AB99=#REF!,מלאי!AC99=#REF!),OR(#REF!="הכל",מלאי!A99=#REF!),OR(#REF!="הכל",מלאי!B99=#REF!),OR(#REF!="הכל",מלאי!F99=#REF!,מלאי!G99=#REF!),OR(#REF!="הכל",מלאי!T99=#REF!),OR(#REF!="הכל",מלאי!Q99=#REF!),OR(#REF!="הכל",מלאי!J99=#REF!),OR(#REF!="הכל",מלאי!L99=#REF!),OR(#REF!="הכל",מלאי!O99=#REF!),OR(#REF!="הכל",מלאי!R99=#REF!),OR(#REF!="הכל",#REF!="",מלאי!W99=#REF!),OR(#REF!="הכל",#REF!="",ISNUMBER(SEARCH(#REF!,מלאי!C99)))),1,0) -> #REF! | AE10: =IF(AND(מלאי!D93<>"",OR(#REF!="הכל",מלאי!Z99=#REF!,מלאי!AA99=#REF!,מלאי!AB99=#REF!,מלאי!AC99=#REF!),OR(#REF!="הכל",מלאי!A99=#REF!),OR(#REF!="הכל",מלאי!B99=#REF!),OR(#REF!="הכל",מלאי!F99=#REF!,מלאי!G99=#REF!),OR(#REF!="הכל",מלאי!T99=#REF!),OR(#REF!="הכל",מלאי!Q99=#REF!),OR(#REF!="הכל",מלאי!J99=#REF!),OR(#REF!="הכל",מלאי!L99=#REF!),OR(#REF!="הכל",מלאי!O99=#REF!),OR(#REF!="הכל",מלאי!R99=#REF!),OR(#REF!="הכל",#REF!="",מלאי!W99=#REF!),OR(#REF!="הכל",#REF!="",ISNUMBER(SEARCH(#REF!,מלאי!C99))),OR(#REF!="הכל",מלאי!#REF!=#REF!)),1,0) -> #REF! | AF10: =IF(AD10=1,COUNTIF($AD$3:$AD10,1),"") -> #REF! | AG10: =IF(AE10=1,COUNTIF($AE$3:$AE10,1),"") -> #REF!
A11: OverGarment | B11: Arctic Jacket | C11: V1 | D11: Arctic Jacket Snirt 2 | E11: =IFERROR(INDEX(הגדרות!$I$2:$I$47,MATCH(B11,הגדרות!$H$2:$H$47,0)),"") -> 7051-00 | F11: RIPSTOP Double Layer | H11: Snirt Snow | J11: כן | K11: כן | L11: כן | M11: כן | N11: לא | P11: אקססוריז לא בלבן | T11: במלאי | Z11: =IFERROR(INDEX(הגדרות!$B$2:$B$17,MATCH(H11,הגדרות!$A$2:$A$17,0)),"") -> שלג | AA11: =IFERROR(INDEX(הגדרות!$C$2:$C$17,MATCH(H11,הגדרות!$A$2:$A$17,0)),"") -> 0 | AB11: =IFERROR(INDEX(הגדרות!$B$2:$B$17,MATCH(I11,הגדרות!$A$2:$A$17,0)),"") | AC11: =IFERROR(INDEX(הגדרות!$C$2:$C$17,MATCH(I11,הגדרות!$A$2:$A$17,0)),"") | AD11: =IF(AND(מלאי!D100<>"",OR(#REF!="הכל",מלאי!Z100=#REF!,מלאי!AA100=#REF!,מלאי!AB100=#REF!,מלאי!AC100=#REF!),OR(#REF!="הכל",מלאי!A100=#REF!),OR(#REF!="הכל",מלאי!B100=#REF!),OR(#REF!="הכל",מלאי!F100=#REF!,מלאי!G100=#REF!),OR(#REF!="הכל",מלאי!T100=#REF!),OR(#REF!="הכל",מלאי!Q100=#REF!),OR(#REF!="הכל",מלאי!J100=#REF!),OR(#REF!="הכל",מלאי!L100=#REF!),OR(#REF!="הכל",מלאי!O100=#REF!),OR(#REF!="הכל",מלאי!R100=#REF!),OR(#REF!="הכל",#REF!="",מלאי!W100=#REF!),OR(#REF!="הכל",#REF!="",ISNUMBER(SEARCH(#REF!,מלאי!C100)))),1,0) -> #REF! | AE11: =IF(AND(מלאי!D100<>"",OR(#REF!="הכל",מלאי!Z100=#REF!,מלאי!AA100=#REF!,מלאי!AB100=#REF!,מלאי!AC100=#REF!),OR(#REF!="הכל",מלאי!A100=#REF!),OR(#REF!="הכל",מלאי!B100=#REF!),OR(#REF!="הכל",מלאי!F100=#REF!,מלאי!G100=#REF!),OR(#REF!="הכל",מלאי!T100=#REF!),OR(#REF!="הכל",מלאי!Q100=#REF!),OR(#REF!="הכל",מלאי!J100=#REF!),OR(#REF!="הכל",מלאי!L100=#REF!),OR(#REF!="הכל",מלאי!O100=#REF!),OR(#REF!="הכל",מלאי!R100=#REF!),OR(#REF!="הכל",#REF!="",מלאי!W100=#REF!),OR(#REF!="הכל",#REF!="",ISNUMBER(SEARCH(#REF!,מלאי!C100))),OR(#REF!="הכל",מלאי!#REF!=#REF!)),1,0) -> #REF! | AF11: =IF(AD11=1,COUNTIF($AD$3:$AD11,1),"") -> #REF! | AG11: =IF(AE11=1,COUNTIF($AE$3:$AE11,1),"") -> #REF!
A12: OverGarment | B12: Arctic Jacket | C12: V1 | D12: Arctic Jacket sampels Snirt | E12: =IFERROR(INDEX(הגדרות!$I$2:$I$47,MATCH(B12,הגדרות!$H$2:$H$47,0)),"") -> 7051-00 | F12: RIPSTOP Double Layer | H12: Snirt Snow | J12: כן | K12: כן | L12: כן | M12: כן | N12: כן | T12: במלאי | Z12: =IFERROR(INDEX(הגדרות!$B$2:$B$17,MATCH(H12,הגדרות!$A$2:$A$17,0)),"") -> שלג | AA12: =IFERROR(INDEX(הגדרות!$C$2:$C$17,MATCH(H12,הגדרות!$A$2:$A$17,0)),"") -> 0 | AB12: =IFERROR(INDEX(הגדרות!$B$2:$B$17,MATCH(I12,הגדרות!$A$2:$A$17,0)),"") | AC12: =IFERROR(INDEX(הגדרות!$C$2:$C$17,MATCH(I12,הגדרות!$A$2:$A$17,0)),"") | AD12: =IF(AND(מלאי!D149<>"",OR(#REF!="הכל",מלאי!Z149=#REF!,מלאי!AA149=#REF!,מלאי!AB149=#REF!,מלאי!AC149=#REF!),OR(#REF!="הכל",מלאי!A149=#REF!),OR(#REF!="הכל",מלאי!B149=#REF!),OR(#REF!="הכל",מלאי!F149=#REF!,מלאי!G149=#REF!),OR(#REF!="הכל",מלאי!T149=#REF!),OR(#REF!="הכל",מלאי!Q149=#REF!),OR(#REF!="הכל",מלאי!J149=#REF!),OR(#REF!="הכל",מלאי!L149=#REF!),OR(#REF!="הכל",מלאי!O149=#REF!),OR(#REF!="הכל",מלאי!R149=#REF!),OR(#REF!="הכל",#REF!="",מלאי!W149=#REF!),OR(#REF!="הכל",#REF!="",ISNUMBER(SEARCH(#REF!,מלאי!C149)))),1,0) -> #REF! | AE12: =IF(AND(מלאי!D149<>"",OR(#REF!="הכל",מלאי!Z149=#REF!,מלאי!AA149=#REF!,מלאי!AB149=#REF!,מלאי!AC149=#REF!),OR(#REF!="הכל",מלאי!A149=#REF!),OR(#REF!="הכל",מלאי!B149=#REF!),OR(#REF!="הכל",מלאי!F149=#REF!,מלאי!G149=#REF!),OR(#REF!="הכל",מלאי!T149=#REF!),OR(#REF!="הכל",מלאי!Q149=#REF!),OR(#REF!="הכל",מלאי!J149=#REF!),OR(#REF!="הכל",מלאי!L149=#REF!),OR(#REF!="הכל",מלאי!O149=#REF!),OR(#REF!="הכל",מלאי!R149=#REF!),OR(#REF!="הכל",#REF!="",מלאי!W149=#REF!),OR(#REF!="הכל",#REF!="",ISNUMBER(SEARCH(#REF!,מלאי!C149))),OR(#REF!="הכל",מלאי!#REF!=#REF!)),1,0) -> #REF! | AF12: =IF(AD12=1,COUNTIF($AD$3:$AD12,1),"") -> #REF! | AG12: =IF(AE12=1,COUNTIF($AE$3:$AE12,1),"") -> #REF!
A13: OverGarment | B13: Arctic Jacket | C13: V1 | D13: Arctic Jacket sampels Fresh | E13: =IFERROR(INDEX(הגדרות!$I$2:$I$47,MATCH(B13,הגדרות!$H$2:$H$47,0)),"") -> 7051-00 | F13: RIPSTOP Double Layer | H13: Fresh Snow | J13: כן | K13: כן | L13: כן | M13: כן | N13: כן | T13: במלאי | Z13: =IFERROR(INDEX(הגדרות!$B$2:$B$17,MATCH(H13,הגדרות!$A$2:$A$17,0)),"") -> שלג | AA13: =IFERROR(INDEX(הגדרות!$C$2:$C$17,MATCH(H13,הגדרות!$A$2:$A$17,0)),"") -> 0 | AB13: =IFERROR(INDEX(הגדרות!$B$2:$B$17,MATCH(I13,הגדרות!$A$2:$A$17,0)),"") | AC13: =IFERROR(INDEX(הגדרות!$C$2:$C$17,MATCH(I13,הגדרות!$A$2:$A$17,0)),"") | AD13: =IF(AND(מלאי!D154<>"",OR(#REF!="הכל",מלאי!Z154=#REF!,מלאי!AA154=#REF!,מלאי!AB154=#REF!,מלאי!AC154=#REF!),OR(#REF!="הכל",מלאי!A154=#REF!),OR(#REF!="הכל",מלאי!B154=#REF!),OR(#REF!="הכל",מלאי!F154=#REF!,מלאי!G154=#REF!),OR(#REF!="הכל",מלאי!T154=#REF!),OR(#REF!="הכל",מלאי!Q154=#REF!),OR(#REF!="הכל",מלאי!J154=#REF!),OR(#REF!="הכל",מלאי!L154=#REF!),OR(#REF!="הכל",מלאי!O154=#REF!),OR(#REF!="הכל",מלאי!R154=#REF!),OR(#REF!="הכל",#REF!="",מלאי!W154=#REF!),OR(#REF!="הכל",#REF!="",ISNUMBER(SEARCH(#REF!,מלאי!C154)))),1,0) -> #REF! | AE13: =IF(AND(מלאי!D154<>"",OR(#REF!="הכל",מלאי!Z154=#REF!,מלאי!AA154=#REF!,מלאי!AB154=#REF!,מלאי!AC154=#REF!),OR(#REF!="הכל",מלאי!A154=#REF!),OR(#REF!="הכל",מלאי!B154=#REF!),OR(#REF!="הכל",מלאי!F154=#REF!,מלאי!G154=#REF!),OR(#REF!="הכל",מלאי!T154=#REF!),OR(#REF!="הכל",מלאי!Q154=#REF!),OR(#REF!="הכל",מלאי!J154=#REF!),OR(#REF!="הכל",מלאי!L154=#REF!),OR(#REF!="הכל",מלאי!O154=#REF!),OR(#REF!="הכל",מלאי!R154=#REF!),OR(#REF!="הכל",#REF!="",מלאי!W154=#REF!),OR(#REF!="הכל",#REF!="",ISNUMBER(SEARCH(#REF!,מלאי!C154))),OR(#REF!="הכל",מלאי!#REF!=#REF!)),1,0) -> #REF! | AF13: =IF(AD13=1,COUNTIF($AD$3:$AD13,1),"") -> #REF! | AG13: =IF(AE13=1,COUNTIF($AE$3:$AE13,1),"") -> #REF!
A14: OverGarment | B14: Arctic Overpants | C14: V1 | D14: Arctic Pants Fresh 1 | E14: =IFERROR(INDEX(הגדרות!$I$2:$I$47,MATCH(B14,הגדרות!$H$2:$H$47,0)),"") -> 7052-00 | F14: RIPSTOP Double Layer | H14: Fresh Snow | J14: כן | K14: כן | L14: כן | M14: כן | N14: כן | T14: במלאי | Z14: =IFERROR(INDEX(הגדרות!$B$2:$B$17,MATCH(H14,הגדרות!$A$2:$A$17,0)),"") -> שלג | AA14: =IFERROR(INDEX(הגדרות!$C$2:$C$17,MATCH(H14,הגדרות!$A$2:$A$17,0)),"") -> 0 | AB14: =IFERROR(INDEX(הגדרות!$B$2:$B$17,MATCH(I14,הגדרות!$A$2:$A$17,0)),"") | AC14: =IFERROR(INDEX(הגדרות!$C$2:$C$17,MATCH(I14,הגדרות!$A$2:$A$17,0)),"") | AD14: =IF(AND(מלאי!D101<>"",OR(#REF!="הכל",מלאי!Z101=#REF!,מלאי!AA101=#REF!,מלאי!AB101=#REF!,מלאי!AC101=#REF!),OR(#REF!="הכל",מלאי!A101=#REF!),OR(#REF!="הכל",מלאי!B101=#REF!),OR(#REF!="הכל",מלאי!F101=#REF!,מלאי!G101=#REF!),OR(#REF!="הכל",מלאי!T101=#REF!),OR(#REF!="הכל",מלאי!Q101=#REF!),OR(#REF!="הכל",מלאי!J101=#REF!),OR(#REF!="הכל",מלאי!L101=#REF!),OR(#REF!="הכל",מלאי!O101=#REF!),OR(#REF!="הכל",מלאי!R101=#REF!),OR(#REF!="הכל",#REF!="",מלאי!W101=#REF!),OR(#REF!="הכל",#REF!="",ISNUMBER(SEARCH(#REF!,מלאי!C101)))),1,0) -> #REF! | AE14: =IF(AND(מלאי!D101<>"",OR(#REF!="הכל",מלאי!Z101=#REF!,מלאי!AA101=#REF!,מלאי!AB101=#REF!,מלאי!AC101=#REF!),OR(#REF!="הכל",מלאי!A101=#REF!),OR(#REF!="הכל",מלאי!B101=#REF!),OR(#REF!="הכל",מלאי!F101=#REF!,מלאי!G101=#REF!),OR(#REF!="הכל",מלאי!T101=#REF!),OR(#REF!="הכל",מלאי!Q101=#REF!),OR(#REF!="הכל",מלאי!J101=#REF!),OR(#REF!="הכל",מלאי!L101=#REF!),OR(#REF!="הכל",מלאי!O101=#REF!),OR(#REF!="הכל",מלאי!R101=#REF!),OR(#REF!="הכל",#REF!="",מלאי!W101=#REF!),OR(#REF!="הכל",#REF!="",ISNUMBER(SEARCH(#REF!,מלאי!C101))),OR(#REF!="הכל",מלאי!#REF!=#REF!)),1,0) -> #REF! | AF14: =IF(AD14=1,COUNTIF($AD$3:$AD14,1),"") -> #REF! | AG14: =IF(AE14=1,COUNTIF($AE$3:$AE14,1),"") -> #REF!
A15: OverGarment | B15: Arctic Overpants | C15: V1 | D15: Arctic Pants Snirt 1 | E15: =IFERROR(INDEX(הגדרות!$I$2:$I$47,MATCH(B15,הגדרות!$H$2:$H$47,0)),"") -> 7052-00 | F15: RIPSTOP Double Layer | H15: Snirt Snow | J15: כן | K15: כן | L15: כן | M15: כן | N15: לא | P15: אקססוריז לא בלבן | T15: במלאי | Z15: =IFERROR(INDEX(הגדרות!$B$2:$B$17,MATCH(H15,הגדרות!$A$2:$A$17,0)),"") -> שלג | AA15: =IFERROR(INDEX(הגדרות!$C$2:$C$17,MATCH(H15,הגדרות!$A$2:$A$17,0)),"") -> 0 | AB15: =IFERROR(INDEX(הגדרות!$B$2:$B$17,MATCH(I15,הגדרות!$A$2:$A$17,0)),"") | AC15: =IFERROR(INDEX(הגדרות!$C$2:$C$17,MATCH(I15,הגדרות!$A$2:$A$17,0)),"") | AD15: =IF(AND(מלאי!D102<>"",OR(#REF!="הכל",מלאי!Z102=#REF!,מלאי!AA102=#REF!,מלאי!AB102=#REF!,מלאי!AC102=#REF!),OR(#REF!="הכל",מלאי!A102=#REF!),OR(#REF!="הכל",מלאי!B102=#REF!),OR(#REF!="הכל",מלאי!F102=#REF!,מלאי!G102=#REF!),OR(#REF!="הכל",מלאי!T102=#REF!),OR(#REF!="הכל",מלאי!Q102=#REF!),OR(#REF!="הכל",מלאי!J102=#REF!),OR(#REF!="הכל",מלאי!L102=#REF!),OR(#REF!="הכל",מלאי!O102=#REF!),OR(#REF!="הכל",מלאי!R102=#REF!),OR(#REF!="הכל",#REF!="",מלאי!W102=#REF!),OR(#REF!="הכל",#REF!="",ISNUMBER(SEARCH(#REF!,מלאי!C102)))),1,0) -> #REF! | AE15: =IF(AND(מלאי!D102<>"",OR(#REF!="הכל",מלאי!Z102=#REF!,מלאי!AA102=#REF!,מלאי!AB102=#REF!,מלאי!AC102=#REF!),OR(#REF!="הכל",מלאי!A102=#REF!),OR(#REF!="הכל",מלאי!B102=#REF!),OR(#REF!="הכל",מלאי!F102=#REF!,מלאי!G102=#REF!),OR(#REF!="הכל",מלאי!T102=#REF!),OR(#REF!="הכל",מלאי!Q102=#REF!),OR(#REF!="הכל",מלאי!J102=#REF!),OR(#REF!="הכל",מלאי!L102=#REF!),OR(#REF!="הכל",מלאי!O102=#REF!),OR(#REF!="הכל",מלאי!R102=#REF!),OR(#REF!="הכל",#REF!="",מלאי!W102=#REF!),OR(#REF!="הכל",#REF!="",ISNUMBER(SEARCH(#REF!,מלאי!C102))),OR(#REF!="הכל",מלאי!#REF!=#REF!)),1,0) -> #REF! | AF15: =IF(AD15=1,COUNTIF($AD$3:$AD15,1),"") -> #REF! | AG15: =IF(AE15=1,COUNTIF($AE$3:$AE15,1),"") -> #REF!
A16: OverGarment | B16: Arctic Overpants | C16: V1 | D16: Arctic Pants Fresh 2 | E16: =IFERROR(INDEX(הגדרות!$I$2:$I$47,MATCH(B16,הגדרות!$H$2:$H$47,0)),"") -> 7052-00 | F16: RIPSTOP Double Layer | H16: Fresh Snow | J16: כן | K16: כן | L16: כן | M16: כן | N16: לא | P16: אקססוריז לא בלבן | T16: במלאי | Z16: =IFERROR(INDEX(הגדרות!$B$2:$B$17,MATCH(H16,הגדרות!$A$2:$A$17,0)),"") -> שלג | AA16: =IFERROR(INDEX(הגדרות!$C$2:$C$17,MATCH(H16,הגדרות!$A$2:$A$17,0)),"") -> 0 | AB16: =IFERROR(INDEX(הגדרות!$B$2:$B$17,MATCH(I16,הגדרות!$A$2:$A$17,0)),"") | AC16: =IFERROR(INDEX(הגדרות!$C$2:$C$17,MATCH(I16,הגדרות!$A$2:$A$17,0)),"") | AD16: =IF(AND(מלאי!D110<>"",OR(#REF!="הכל",מלאי!Z110=#REF!,מלאי!AA110=#REF!,מלאי!AB110=#REF!,מלאי!AC110=#REF!),OR(#REF!="הכל",מלאי!A110=#REF!),OR(#REF!="הכל",מלאי!B110=#REF!),OR(#REF!="הכל",מלאי!F110=#REF!,מלאי!G110=#REF!),OR(#REF!="הכל",מלאי!T110=#REF!),OR(#REF!="הכל",מלאי!Q110=#REF!),OR(#REF!="הכל",מלאי!J110=#REF!),OR(#REF!="הכל",מלאי!L110=#REF!),OR(#REF!="הכל",מלאי!O110=#REF!),OR(#REF!="הכל",מלאי!R110=#REF!),OR(#REF!="הכל",#REF!="",מלאי!W110=#REF!),OR(#REF!="הכל",#REF!="",ISNUMBER(SEARCH(#REF!,מלאי!C110)))),1,0) -> #REF! | AE16: =IF(AND(מלאי!D110<>"",OR(#REF!="הכל",מלאי!Z110=#REF!,מלאי!AA110=#REF!,מלאי!AB110=#REF!,מלאי!AC110=#REF!),OR(#REF!="הכל",מלאי!A110=#REF!),OR(#REF!="הכל",מלאי!B110=#REF!),OR(#REF!="הכל",מלאי!F110=#REF!,מלאי!G110=#REF!),OR(#REF!="הכל",מלאי!T110=#REF!),OR(#REF!="הכל",מלאי!Q110=#REF!),OR(#REF!="הכל",מלאי!J110=#REF!),OR(#REF!="הכל",מלאי!L110=#REF!),OR(#REF!="הכל",מלאי!O110=#REF!),OR(#REF!="הכל",מלאי!R110=#REF!),OR(#REF!="הכל",#REF!="",מלאי!W110=#REF!),OR(#REF!="הכל",#REF!="",ISNUMBER(SEARCH(#REF!,מלאי!C110))),OR(#REF!="הכל",מלאי!#REF!=#REF!)),1,0) -> #REF! | AF16: =IF(AD16=1,COUNTIF($AD$3:$AD16,1),"") -> #REF! | AG16: =IF(AE16=1,COUNTIF($AE$3:$AE16,1),"") -> #REF!
A17: OverGarment | B17: Arctic Overpants | C17: V1 | D17: Arctic Pants sampels Snirt | E17: =IFERROR(INDEX(הגדרות!$I$2:$I$47,MATCH(B17,הגדרות!$H$2:$H$47,0)),"") -> 7052-00 | F17: RIPSTOP Double Layer | H17: Snirt Snow | J17: כן | K17: כן | L17: כן | M17: כן | N17: כן | T17: במלאי | Z17: =IFERROR(INDEX(הגדרות!$B$2:$B$17,MATCH(H17,הגדרות!$A$2:$A$17,0)),"") -> שלג | AA17: =IFERROR(INDEX(הגדרות!$C$2:$C$17,MATCH(H17,הגדרות!$A$2:$A$17,0)),"") -> 0 | AB17: =IFERROR(INDEX(הגדרות!$B$2:$B$17,MATCH(I17,הגדרות!$A$2:$A$17,0)),"") | AC17: =IFERROR(INDEX(הגדרות!$C$2:$C$17,MATCH(I17,הגדרות!$A$2:$A$17,0)),"") | AD17: =IF(AND(מלאי!D150<>"",OR(#REF!="הכל",מלאי!Z150=#REF!,מלאי!AA150=#REF!,מלאי!AB150=#REF!,מלאי!AC150=#REF!),OR(#REF!="הכל",מלאי!A150=#REF!),OR(#REF!="הכל",מלאי!B150=#REF!),OR(#REF!="הכל",מלאי!F150=#REF!,מלאי!G150=#REF!),OR(#REF!="הכל",מלאי!T150=#REF!),OR(#REF!="הכל",מלאי!Q150=#REF!),OR(#REF!="הכל",מלאי!J150=#REF!),OR(#REF!="הכל",מלאי!L150=#REF!),OR(#REF!="הכל",מלאי!O150=#REF!),OR(#REF!="הכל",מלאי!R150=#REF!),OR(#REF!="הכל",#REF!="",מלאי!W150=#REF!),OR(#REF!="הכל",#REF!="",ISNUMBER(SEARCH(#REF!,מלאי!C150)))),1,0) -> #REF! | AE17: =IF(AND(מלאי!D150<>"",OR(#REF!="הכל",מלאי!Z150=#REF!,מלאי!AA150=#REF!,מלאי!AB150=#REF!,מלאי!AC150=#REF!),OR(#REF!="הכל",מלאי!A150=#REF!),OR(#REF!="הכל",מלאי!B150=#REF!),OR(#REF!="הכל",מלאי!F150=#REF!,מלאי!G150=#REF!),OR(#REF!="הכל",מלאי!T150=#REF!),OR(#REF!="הכל",מלאי!Q150=#REF!),OR(#REF!="הכל",מלאי!J150=#REF!),OR(#REF!="הכל",מלאי!L150=#REF!),OR(#REF!="הכל",מלאי!O150=#REF!),OR(#REF!="הכל",מלאי!R150=#REF!),OR(#REF!="הכל",#REF!="",מלאי!W150=#REF!),OR(#REF!="הכל",#REF!="",ISNUMBER(SEARCH(#REF!,מלאי!C150))),OR(#REF!="הכל",מלאי!#REF!=#REF!)),1,0) -> #REF! | AF17: =IF(AD17=1,COUNTIF($AD$3:$AD17,1),"") -> #REF! | AG17: =IF(AE17=1,COUNTIF($AE$3:$AE17,1),"") -> #REF!
A18: OverGarment | B18: Arctic Overpants | C18: V1 | D18: Arctic Pants sampels Fresh | E18: =IFERROR(INDEX(הגדרות!$I$2:$I$47,MATCH(B18,הגדרות!$H$2:$H$47,0)),"") -> 7052-00 | F18: RIPSTOP Double Layer | H18: Fresh Snow | J18: כן | K18: כן | L18: כן | M18: כן | N18: כן | T18: במלאי | Z18: =IFERROR(INDEX(הגדרות!$B$2:$B$17,MATCH(H18,הגדרות!$A$2:$A$17,0)),"") -> שלג | AA18: =IFERROR(INDEX(הגדרות!$C$2:$C$17,MATCH(H18,הגדרות!$A$2:$A$17,0)),"") -> 0 | AB18: =IFERROR(INDEX(הגדרות!$B$2:$B$17,MATCH(I18,הגדרות!$A$2:$A$17,0)),"") | AC18: =IFERROR(INDEX(הגדרות!$C$2:$C$17,MATCH(I18,הגדרות!$A$2:$A$17,0)),"") | AD18: =IF(AND(מלאי!D155<>"",OR(#REF!="הכל",מלאי!Z155=#REF!,מלאי!AA155=#REF!,מלאי!AB155=#REF!,מלאי!AC155=#REF!),OR(#REF!="הכל",מלאי!A155=#REF!),OR(#REF!="הכל",מלאי!B155=#REF!),OR(#REF!="הכל",מלאי!F155=#REF!,מלאי!G155=#REF!),OR(#REF!="הכל",מלאי!T155=#REF!),OR(#REF!="הכל",מלאי!Q155=#REF!),OR(#REF!="הכל",מלאי!J155=#REF!),OR(#REF!="הכל",מלאי!L155=#REF!),OR(#REF!="הכל",מלאי!O155=#REF!),OR(#REF!="הכל",מלאי!R155=#REF!),OR(#REF!="הכל",#REF!="",מלאי!W155=#REF!),OR(#REF!="הכל",#REF!="",ISNUMBER(SEARCH(#REF!,מלאי!C155)))),1,0) -> #REF! | AE18: =IF(AND(מלאי!D155<>"",OR(#REF!="הכל",מלאי!Z155=#REF!,מלאי!AA155=#REF!,מלאי!AB155=#REF!,מלאי!AC155=#REF!),OR(#REF!="הכל",מלאי!A155=#REF!),OR(#REF!="הכל",מלאי!B155=#REF!),OR(#REF!="הכל",מלאי!F155=#REF!,מלאי!G155=#REF!),OR(#REF!="הכל",מלאי!T155=#REF!),OR(#REF!="הכל",מלאי!Q155=#REF!),OR(#REF!="הכל",מלאי!J155=#REF!),OR(#REF!="הכל",מלאי!L155=#REF!),OR(#REF!="הכל",מלאי!O155=#REF!),OR(#REF!="הכל",מלאי!R155=#REF!),OR(#REF!="הכל",#REF!="",מלאי!W155=#REF!),OR(#REF!="הכל",#REF!="",ISNUMBER(SEARCH(#REF!,מלאי!C155))),OR(#REF!="הכל",מלאי!#REF!=#REF!)),1,0) -> #REF! | AF18: =IF(AD18=1,COUNTIF($AD$3:$AD18,1),"") -> #REF! | AG18: =IF(AE18=1,COUNTIF($AE$3:$AE18,1),"") -> #REF!
A19: OverGarment | B19: Arctic Poncho SRV | C19: V1 | D19: Arctic poncho Snirt 1 | E19: =IFERROR(INDEX(הגדרות!$I$2:$I$47,MATCH(B19,הגדרות!$H$2:$H$47,0)),"") -> 0 | F19: RIPSTOP Double Layer | H19: Snirt Snow | J19: כן | K19: כן | L19: כן | M19: כן | N19: לא | T19: במלאי | Z19: =IFERROR(INDEX(הגדרות!$B$2:$B$17,MATCH(H19,הגדרות!$A$2:$A$17,0)),"") -> שלג | AA19: =IFERROR(INDEX(הגדרות!$C$2:$C$17,MATCH(H19,הגדרות!$A$2:$A$17,0)),"") -> 0 | AB19: =IFERROR(INDEX(הגדרות!$B$2:$B$17,MATCH(I19,הגדרות!$A$2:$A$17,0)),"") | AC19: =IFERROR(INDEX(הגדרות!$C$2:$C$17,MATCH(I19,הגדרות!$A$2:$A$17,0)),"") | AD19: =IF(AND(מלאי!#REF!<>"",OR(#REF!="הכל",מלאי!Z93=#REF!,מלאי!AA93=#REF!,מלאי!AB93=#REF!,מלאי!AC93=#REF!),OR(#REF!="הכל",מלאי!A93=#REF!),OR(#REF!="הכל",מלאי!B93=#REF!),OR(#REF!="הכל",מלאי!F93=#REF!,מלאי!G93=#REF!),OR(#REF!="הכל",מלאי!T93=#REF!),OR(#REF!="הכל",מלאי!Q93=#REF!),OR(#REF!="הכל",מלאי!J93=#REF!),OR(#REF!="הכל",מלאי!L93=#REF!),OR(#REF!="הכל",מלאי!O93=#REF!),OR(#REF!="הכל",מלאי!R93=#REF!),OR(#REF!="הכל",#REF!="",מלאי!W93=#REF!),OR(#REF!="הכל",#REF!="",ISNUMBER(SEARCH(#REF!,מלאי!C93)))),1,0) -> #REF! | AE19: =IF(AND(מלאי!#REF!<>"",OR(#REF!="הכל",מלאי!Z93=#REF!,מלאי!AA93=#REF!,מלאי!AB93=#REF!,מלאי!AC93=#REF!),OR(#REF!="הכל",מלאי!A93=#REF!),OR(#REF!="הכל",מלאי!B93=#REF!),OR(#REF!="הכל",מלאי!F93=#REF!,מלאי!G93=#REF!),OR(#REF!="הכל",מלאי!T93=#REF!),OR(#REF!="הכל",מלאי!Q93=#REF!),OR(#REF!="הכל",מלאי!J93=#REF!),OR(#REF!="הכל",מלאי!L93=#REF!),OR(#REF!="הכל",מלאי!O93=#REF!),OR(#REF!="הכל",מלאי!R93=#REF!),OR(#REF!="הכל",#REF!="",מלאי!W93=#REF!),OR(#REF!="הכל",#REF!="",ISNUMBER(SEARCH(#REF!,מלאי!C93))),OR(#REF!="הכל",מלאי!#REF!=#REF!)),1,0) -> #REF! | AF19: =IF(AD19=1,COUNTIF($AD$3:$AD19,1),"") -> #REF! | AG19: =IF(AE19=1,COUNTIF($AE$3:$AE19,1),"") -> #REF!
A20: OverGarment | B20: Arctic Poncho SRV | C20: V1 | D20: Arctic poncho Snirt 2 | E20: =IFERROR(INDEX(הגדרות!$I$2:$I$47,MATCH(B20,הגדרות!$H$2:$H$47,0)),"") -> 0 | F20: RIPSTOP Double Layer | H20: Snirt Snow | J20: כן | K20: כן | L20: כן | M20: כן | N20: כן | T20: במלאי | Z20: =IFERROR(INDEX(הגדרות!$B$2:$B$17,MATCH(H20,הגדרות!$A$2:$A$17,0)),"") -> שלג | AA20: =IFERROR(INDEX(הגדרות!$C$2:$C$17,MATCH(H20,הגדרות!$A$2:$A$17,0)),"") -> 0 | AB20: =IFERROR(INDEX(הגדרות!$B$2:$B$17,MATCH(I20,הגדרות!$A$2:$A$17,0)),"") | AC20: =IFERROR(INDEX(הגדרות!$C$2:$C$17,MATCH(I20,הגדרות!$A$2:$A$17,0)),"") | AD20: =IF(AND(מלאי!D99<>"",OR(#REF!="הכל",מלאי!Z94=#REF!,מלאי!AA94=#REF!,מלאי!AB94=#REF!,מלאי!AC94=#REF!),OR(#REF!="הכל",מלאי!A94=#REF!),OR(#REF!="הכל",מלאי!B94=#REF!),OR(#REF!="הכל",מלאי!F94=#REF!,מלאי!G94=#REF!),OR(#REF!="הכל",מלאי!T94=#REF!),OR(#REF!="הכל",מלאי!Q94=#REF!),OR(#REF!="הכל",מלאי!J94=#REF!),OR(#REF!="הכל",מלאי!L94=#REF!),OR(#REF!="הכל",מלאי!O94=#REF!),OR(#REF!="הכל",מלאי!R94=#REF!),OR(#REF!="הכל",#REF!="",מלאי!W94=#REF!),OR(#REF!="הכל",#REF!="",ISNUMBER(SEARCH(#REF!,מלאי!C94)))),1,0) -> #REF! | AE20: =IF(AND(מלאי!D99<>"",OR(#REF!="הכל",מלאי!Z94=#REF!,מלאי!AA94=#REF!,מלאי!AB94=#REF!,מלאי!AC94=#REF!),OR(#REF!="הכל",מלאי!A94=#REF!),OR(#REF!="הכל",מלאי!B94=#REF!),OR(#REF!="הכל",מלאי!F94=#REF!,מלאי!G94=#REF!),OR(#REF!="הכל",מלאי!T94=#REF!),OR(#REF!="הכל",מלאי!Q94=#REF!),OR(#REF!="הכל",מלאי!J94=#REF!),OR(#REF!="הכל",מלאי!L94=#REF!),OR(#REF!="הכל",מלאי!O94=#REF!),OR(#REF!="הכל",מלאי!R94=#REF!),OR(#REF!="הכל",#REF!="",מלאי!W94=#REF!),OR(#REF!="הכל",#REF!="",ISNUMBER(SEARCH(#REF!,מלאי!C94))),OR(#REF!="הכל",מלאי!#REF!=#REF!)),1,0) -> #REF! | AF20: =IF(AD20=1,COUNTIF($AD$3:$AD20,1),"") -> #REF! | AG20: =IF(AE20=1,COUNTIF($AE$3:$AE20,1),"") -> #REF!
A21: OverGarment | B21: Arctic Poncho SRV | C21: V1 | D21: Arctic poncho Fresh 1 | E21: =IFERROR(INDEX(הגדרות!$I$2:$I$47,MATCH(B21,הגדרות!$H$2:$H$47,0)),"") -> 0 | F21: RIPSTOP Double Layer | H21: Fresh Snow | J21: כן | K21: כן | L21: כן | M21: כן | N21: כן | T21: במלאי | Z21: =IFERROR(INDEX(הגדרות!$B$2:$B$17,MATCH(H21,הגדרות!$A$2:$A$17,0)),"") -> שלג | AA21: =IFERROR(INDEX(הגדרות!$C$2:$C$17,MATCH(H21,הגדרות!$A$2:$A$17,0)),"") -> 0 | AB21: =IFERROR(INDEX(הגדרות!$B$2:$B$17,MATCH(I21,הגדרות!$A$2:$A$17,0)),"") | AC21: =IFERROR(INDEX(הגדרות!$C$2:$C$17,MATCH(I21,הגדרות!$A$2:$A$17,0)),"") | AD21: =IF(AND(מלאי!D95<>"",OR(#REF!="הכל",מלאי!Z95=#REF!,מלאי!AA95=#REF!,מלאי!AB95=#REF!,מלאי!AC95=#REF!),OR(#REF!="הכל",מלאי!A95=#REF!),OR(#REF!="הכל",מלאי!B95=#REF!),OR(#REF!="הכל",מלאי!F95=#REF!,מלאי!G95=#REF!),OR(#REF!="הכל",מלאי!T95=#REF!),OR(#REF!="הכל",מלאי!Q95=#REF!),OR(#REF!="הכל",מלאי!J95=#REF!),OR(#REF!="הכל",מלאי!L95=#REF!),OR(#REF!="הכל",מלאי!O95=#REF!),OR(#REF!="הכל",מלאי!R95=#REF!),OR(#REF!="הכל",#REF!="",מלאי!W95=#REF!),OR(#REF!="הכל",#REF!="",ISNUMBER(SEARCH(#REF!,מלאי!C95)))),1,0) -> #REF! | AE21: =IF(AND(מלאי!D95<>"",OR(#REF!="הכל",מלאי!Z95=#REF!,מלאי!AA95=#REF!,מלאי!AB95=#REF!,מלאי!AC95=#REF!),OR(#REF!="הכל",מלאי!A95=#REF!),OR(#REF!="הכל",מלאי!B95=#REF!),OR(#REF!="הכל",מלאי!F95=#REF!,מלאי!G95=#REF!),OR(#REF!="הכל",מלאי!T95=#REF!),OR(#REF!="הכל",מלאי!Q95=#REF!),OR(#REF!="הכל",מלאי!J95=#REF!),OR(#REF!="הכל",מלאי!L95=#REF!),OR(#REF!="הכל",מלאי!O95=#REF!),OR(#REF!="הכל",מלאי!R95=#REF!),OR(#REF!="הכל",#REF!="",מלאי!W95=#REF!),OR(#REF!="הכל",#REF!="",ISNUMBER(SEARCH(#REF!,מלאי!C95))),OR(#REF!="הכל",מלאי!#REF!=#REF!)),1,0) -> #REF! | AF21: =IF(AD21=1,COUNTIF($AD$3:$AD21,1),"") -> #REF! | AG21: =IF(AE21=1,COUNTIF($AE$3:$AE21,1),"") -> #REF!
A22: OverGarment | B22: Arctic Poncho SRV | C22: V1 | D22: Arctic poncho Fresh 3 | E22: =IFERROR(INDEX(הגדרות!$I$2:$I$47,MATCH(B22,הגדרות!$H$2:$H$47,0)),"") -> 0 | F22: RIPSTOP Double Layer | H22: Fresh Snow | J22: כן | K22: כן | L22: כן | M22: כן | N22: לא | P22: אקססוריז לא בלבן | T22: במלאי | Z22: =IFERROR(INDEX(הגדרות!$B$2:$B$17,MATCH(H22,הגדרות!$A$2:$A$17,0)),"") -> שלג | AA22: =IFERROR(INDEX(הגדרות!$C$2:$C$17,MATCH(H22,הגדרות!$A$2:$A$17,0)),"") -> 0 | AB22: =IFERROR(INDEX(הגדרות!$B$2:$B$17,MATCH(I22,הגדרות!$A$2:$A$17,0)),"") | AC22: =IFERROR(INDEX(הגדרות!$C$2:$C$17,MATCH(I22,הגדרות!$A$2:$A$17,0)),"") | AD22: =IF(AND(מלאי!D108<>"",OR(#REF!="הכל",מלאי!Z108=#REF!,מלאי!AA108=#REF!,מלאי!AB108=#REF!,מלאי!AC108=#REF!),OR(#REF!="הכל",מלאי!A108=#REF!),OR(#REF!="הכל",מלאי!B108=#REF!),OR(#REF!="הכל",מלאי!F108=#REF!,מלאי!G108=#REF!),OR(#REF!="הכל",מלאי!T108=#REF!),OR(#REF!="הכל",מלאי!Q108=#REF!),OR(#REF!="הכל",מלאי!J108=#REF!),OR(#REF!="הכל",מלאי!L108=#REF!),OR(#REF!="הכל",מלאי!O108=#REF!),OR(#REF!="הכל",מלאי!R108=#REF!),OR(#REF!="הכל",#REF!="",מלאי!W108=#REF!),OR(#REF!="הכל",#REF!="",ISNUMBER(SEARCH(#REF!,מלאי!C108)))),1,0) -> #REF! | AE22: =IF(AND(מלאי!D108<>"",OR(#REF!="הכל",מלאי!Z108=#REF!,מלאי!AA108=#REF!,מלאי!AB108=#REF!,מלאי!AC108=#REF!),OR(#REF!="הכל",מלאי!A108=#REF!),OR(#REF!="הכל",מלאי!B108=#REF!),OR(#REF!="הכל",מלאי!F108=#REF!,מלאי!G108=#REF!),OR(#REF!="הכל",מלאי!T108=#REF!),OR(#REF!="הכל",מלאי!Q108=#REF!),OR(#REF!="הכל",מלאי!J108=#REF!),OR(#REF!="הכל",מלאי!L108=#REF!),OR(#REF!="הכל",מלאי!O108=#REF!),OR(#REF!="הכל",מלאי!R108=#REF!),OR(#REF!="הכל",#REF!="",מלאי!W108=#REF!),OR(#REF!="הכל",#REF!="",ISNUMBER(SEARCH(#REF!,מלאי!C108))),OR(#REF!="הכל",מלאי!#REF!=#REF!)),1,0) -> #REF! | AF22: =IF(AD22=1,COUNTIF($AD$3:$AD22,1),"") -> #REF! | AG22: =IF(AE22=1,COUNTIF($AE$3:$AE22,1),"") -> #REF!
A23: OverGarment | B23: Arctic Poncho SRV | C23: V1 | D23: Arctic poncho Fresh 2 | E23: =IFERROR(INDEX(הגדרות!$I$2:$I$47,MATCH(B23,הגדרות!$H$2:$H$47,0)),"") -> 0 | F23: RIPSTOP Double Layer | H23: Fresh Snow | J23: כן | K23: כן | L23: כן | M23: כן | N23: כן | T23: במלאי | Z23: =IFERROR(INDEX(הגדרות!$B$2:$B$17,MATCH(H23,הגדרות!$A$2:$A$17,0)),"") -> שלג | AA23: =IFERROR(INDEX(הגדרות!$C$2:$C$17,MATCH(H23,הגדרות!$A$2:$A$17,0)),"") -> 0 | AB23: =IFERROR(INDEX(הגדרות!$B$2:$B$17,MATCH(I23,הגדרות!$A$2:$A$17,0)),"") | AC23: =IFERROR(INDEX(הגדרות!$C$2:$C$17,MATCH(I23,הגדרות!$A$2:$A$17,0)),"") | AD23: =IF(AND(מלאי!D111<>"",OR(#REF!="הכל",מלאי!Z111=#REF!,מלאי!AA111=#REF!,מלאי!AB111=#REF!,מלאי!AC111=#REF!),OR(#REF!="הכל",מלאי!A111=#REF!),OR(#REF!="הכל",מלאי!B111=#REF!),OR(#REF!="הכל",מלאי!F111=#REF!,מלאי!G111=#REF!),OR(#REF!="הכל",מלאי!T111=#REF!),OR(#REF!="הכל",מלאי!Q111=#REF!),OR(#REF!="הכל",מלאי!J111=#REF!),OR(#REF!="הכל",מלאי!L111=#REF!),OR(#REF!="הכל",מלאי!O111=#REF!),OR(#REF!="הכל",מלאי!R111=#REF!),OR(#REF!="הכל",#REF!="",מלאי!W111=#REF!),OR(#REF!="הכל",#REF!="",ISNUMBER(SEARCH(#REF!,מלאי!C111)))),1,0) -> #REF! | AE23: =IF(AND(מלאי!D111<>"",OR(#REF!="הכל",מלאי!Z111=#REF!,מלאי!AA111=#REF!,מלאי!AB111=#REF!,מלאי!AC111=#REF!),OR(#REF!="הכל",מלאי!A111=#REF!),OR(#REF!="הכל",מלאי!B111=#REF!),OR(#REF!="הכל",מלאי!F111=#REF!,מלאי!G111=#REF!),OR(#REF!="הכל",מלאי!T111=#REF!),OR(#REF!="הכל",מלאי!Q111=#REF!),OR(#REF!="הכל",מלאי!J111=#REF!),OR(#REF!="הכל",מלאי!L111=#REF!),OR(#REF!="הכל",מלאי!O111=#REF!),OR(#REF!="הכל",מלאי!R111=#REF!),OR(#REF!="הכל",#REF!="",מלאי!W111=#REF!),OR(#REF!="הכל",#REF!="",ISNUMBER(SEARCH(#REF!,מלאי!C111))),OR(#REF!="הכל",מלאי!#REF!=#REF!)),1,0) -> #REF! | AF23: =IF(AD23=1,COUNTIF($AD$3:$AD23,1),"") -> #REF! | AG23: =IF(AE23=1,COUNTIF($AE$3:$AE23,1),"") -> #REF!
A24: OverGarment | B24: Arctic Poncho SRV | C24: V1 | D24: Arctic poncho sampels Snirt | E24: =IFERROR(INDEX(הגדרות!$I$2:$I$47,MATCH(B24,הגדרות!$H$2:$H$47,0)),"") -> 0 | F24: RIPSTOP Double Layer | H24: Snirt Snow | J24: כן | K24: כן | L24: כן | M24: כן | N24: כן | T24: במלאי | Z24: =IFERROR(INDEX(הגדרות!$B$2:$B$17,MATCH(H24,הגדרות!$A$2:$A$17,0)),"") -> שלג | AA24: =IFERROR(INDEX(הגדרות!$C$2:$C$17,MATCH(H24,הגדרות!$A$2:$A$17,0)),"") -> 0 | AB24: =IFERROR(INDEX(הגדרות!$B$2:$B$17,MATCH(I24,הגדרות!$A$2:$A$17,0)),"") | AC24: =IFERROR(INDEX(הגדרות!$C$2:$C$17,MATCH(I24,הגדרות!$A$2:$A$17,0)),"") | AD24: =IF(AND(מלאי!D156<>"",OR(#REF!="הכל",מלאי!Z151=#REF!,מלאי!AA151=#REF!,מלאי!AB151=#REF!,מלאי!AC151=#REF!),OR(#REF!="הכל",מלאי!A151=#REF!),OR(#REF!="הכל",מלאי!B151=#REF!),OR(#REF!="הכל",מלאי!F151=#REF!,מלאי!G151=#REF!),OR(#REF!="הכל",מלאי!T151=#REF!),OR(#REF!="הכל",מלאי!Q151=#REF!),OR(#REF!="הכל",מלאי!J151=#REF!),OR(#REF!="הכל",מלאי!L151=#REF!),OR(#REF!="הכל",מלאי!O151=#REF!),OR(#REF!="הכל",מלאי!R151=#REF!),OR(#REF!="הכל",#REF!="",מלאי!W151=#REF!),OR(#REF!="הכל",#REF!="",ISNUMBER(SEARCH(#REF!,מלאי!C151)))),1,0) -> #REF! | AE24: =IF(AND(מלאי!D156<>"",OR(#REF!="הכל",מלאי!Z151=#REF!,מלאי!AA151=#REF!,מלאי!AB151=#REF!,מלאי!AC151=#REF!),OR(#REF!="הכל",מלאי!A151=#REF!),OR(#REF!="הכל",מלאי!B151=#REF!),OR(#REF!="הכל",מלאי!F151=#REF!,מלאי!G151=#REF!),OR(#REF!="הכל",מלאי!T151=#REF!),OR(#REF!="הכל",מלאי!Q151=#REF!),OR(#REF!="הכל",מלאי!J151=#REF!),OR(#REF!="הכל",מלאי!L151=#REF!),OR(#REF!="הכל",מלאי!O151=#REF!),OR(#REF!="הכל",מלאי!R151=#REF!),OR(#REF!="הכל",#REF!="",מלאי!W151=#REF!),OR(#REF!="הכל",#REF!="",ISNUMBER(SEARCH(#REF!,מלאי!C151))),OR(#REF!="הכל",מלאי!#REF!=#REF!)),1,0) -> #REF! | AF24: =IF(AD24=1,COUNTIF($AD$3:$AD24,1),"") -> #REF! | AG24: =IF(AE24=1,COUNTIF($AE$3:$AE24,1),"") -> #REF!
A25: OverGarment | B25: Arctic Poncho SRV | C25: V1 | D25: Arctic poncho sampels Fresh | E25: =IFERROR(INDEX(הגדרות!$I$2:$I$47,MATCH(B25,הגדרות!$H$2:$H$47,0)),"") -> 0 | F25: RIPSTOP Double Layer | H25: Fresh Snow | J25: כן | K25: כן | L25: כן | M25: כן | N25: כן | T25: במלאי | Z25: =IFERROR(INDEX(הגדרות!$B$2:$B$17,MATCH(H25,הגדרות!$A$2:$A$17,0)),"") -> שלג | AA25: =IFERROR(INDEX(הגדרות!$C$2:$C$17,MATCH(H25,הגדרות!$A$2:$A$17,0)),"") -> 0 | AB25: =IFERROR(INDEX(הגדרות!$B$2:$B$17,MATCH(I25,הגדרות!$A$2:$A$17,0)),"") | AC25: =IFERROR(INDEX(הגדרות!$C$2:$C$17,MATCH(I25,הגדרות!$A$2:$A$17,0)),"") | AD25: =IF(AND(מלאי!D161<>"",OR(#REF!="הכל",מלאי!Z156=#REF!,מלאי!AA156=#REF!,מלאי!AB156=#REF!,מלאי!AC156=#REF!),OR(#REF!="הכל",מלאי!A156=#REF!),OR(#REF!="הכל",מלאי!B156=#REF!),OR(#REF!="הכל",מלאי!F156=#REF!,מלאי!G156=#REF!),OR(#REF!="הכל",מלאי!T156=#REF!),OR(#REF!="הכל",מלאי!Q156=#REF!),OR(#REF!="הכל",מלאי!J156=#REF!),OR(#REF!="הכל",מלאי!L156=#REF!),OR(#REF!="הכל",מלאי!O156=#REF!),OR(#REF!="הכל",מלאי!R156=#REF!),OR(#REF!="הכל",#REF!="",מלאי!W156=#REF!),OR(#REF!="הכל",#REF!="",ISNUMBER(SEARCH(#REF!,מלאי!C156)))),1,0) -> #REF! | AE25: =IF(AND(מלאי!D161<>"",OR(#REF!="הכל",מלאי!Z156=#REF!,מלאי!AA156=#REF!,מלאי!AB156=#REF!,מלאי!AC156=#REF!),OR(#REF!="הכל",מלאי!A156=#REF!),OR(#REF!="הכל",מלאי!B156=#REF!),OR(#REF!="הכל",מלאי!F156=#REF!,מלאי!G156=#REF!),OR(#REF!="הכל",מלאי!T156=#REF!),OR(#REF!="הכל",מלאי!Q156=#REF!),OR(#REF!="הכל",מלאי!J156=#REF!),OR(#REF!="הכל",מלאי!L156=#REF!),OR(#REF!="הכל",מלאי!O156=#REF!),OR(#REF!="הכל",מלאי!R156=#REF!),OR(#REF!="הכל",#REF!="",מלאי!W156=#REF!),OR(#REF!="הכל",#REF!="",ISNUMBER(SEARCH(#REF!,מלאי!C156))),OR(#REF!="הכל",מלאי!#REF!=#REF!)),1,0) -> #REF! | AF25: =IF(AD25=1,COUNTIF($AD$3:$AD25,1),"") -> #REF! | AG25: =IF(AE25=1,COUNTIF($AE$3:$AE25,1),"") -> #REF!
A26: Blankets | B26: Arctic Survival Blanket | C26: V1 | D26: SRV Blanket Arc 1 | E26: =IFERROR(INDEX(הגדרות!$I$2:$I$47,MATCH(B26,הגדרות!$H$2:$H$47,0)),"") -> 0 | F26: RIPSTOP Double Layer | H26: Fresh Snow | T26: במלאי | Z26: =IFERROR(INDEX(הגדרות!$B$2:$B$17,MATCH(H26,הגדרות!$A$2:$A$17,0)),"") -> שלג | AA26: =IFERROR(INDEX(הגדרות!$C$2:$C$17,MATCH(H26,הגדרות!$A$2:$A$17,0)),"") -> 0 | AB26: =IFERROR(INDEX(הגדרות!$B$2:$B$17,MATCH(I26,הגדרות!$A$2:$A$17,0)),"") | AC26: =IFERROR(INDEX(הגדרות!$C$2:$C$17,MATCH(I26,הגדרות!$A$2:$A$17,0)),"") | AD26: =IF(AND(מלאי!D105<>"",OR(#REF!="הכל",מלאי!Z105=#REF!,מלאי!AA105=#REF!,מלאי!AB105=#REF!,מלאי!AC105=#REF!),OR(#REF!="הכל",מלאי!A105=#REF!),OR(#REF!="הכל",מלאי!B105=#REF!),OR(#REF!="הכל",מלאי!F105=#REF!,מלאי!G105=#REF!),OR(#REF!="הכל",מלאי!T105=#REF!),OR(#REF!="הכל",מלאי!Q105=#REF!),OR(#REF!="הכל",מלאי!J105=#REF!),OR(#REF!="הכל",מלאי!L105=#REF!),OR(#REF!="הכל",מלאי!O105=#REF!),OR(#REF!="הכל",מלאי!R105=#REF!),OR(#REF!="הכל",#REF!="",מלאי!W105=#REF!),OR(#REF!="הכל",#REF!="",ISNUMBER(SEARCH(#REF!,מלאי!C105)))),1,0) -> #REF! | AE26: =IF(AND(מלאי!D105<>"",OR(#REF!="הכל",מלאי!Z105=#REF!,מלאי!AA105=#REF!,מלאי!AB105=#REF!,מלאי!AC105=#REF!),OR(#REF!="הכל",מלאי!A105=#REF!),OR(#REF!="הכל",מלאי!B105=#REF!),OR(#REF!="הכל",מלאי!F105=#REF!,מלאי!G105=#REF!),OR(#REF!="הכל",מלאי!T105=#REF!),OR(#REF!="הכל",מלאי!Q105=#REF!),OR(#REF!="הכל",מלאי!J105=#REF!),OR(#REF!="הכל",מלאי!L105=#REF!),OR(#REF!="הכל",מלאי!O105=#REF!),OR(#REF!="הכל",מלאי!R105=#REF!),OR(#REF!="הכל",#REF!="",מלאי!W105=#REF!),OR(#REF!="הכל",#REF!="",ISNUMBER(SEARCH(#REF!,מלאי!C105))),OR(#REF!="הכל",מלאי!#REF!=#REF!)),1,0) -> #REF! | AF26: =IF(AD26=1,COUNTIF($AD$3:$AD26,1),"") -> #REF! | AG26: =IF(AE26=1,COUNTIF($AE$3:$AE26,1),"") -> #REF!
A27: Accessories | B27: Bag cover 90L | D27: B03 | E27: =IFERROR(INDEX(הגדרות!$I$2:$I$47,MATCH(B27,הגדרות!$H$2:$H$47,0)),"") -> 7009-01 | F27: Mesh | H27: Desert | J27: כן | T27: במלאי | Z27: =IFERROR(INDEX(הגדרות!$B$2:$B$17,MATCH(H27,הגדרות!$A$2:$A$17,0)),"") -> מדברי | AA27: =IFERROR(INDEX(הגדרות!$C$2:$C$17,MATCH(H27,הגדרות!$A$2:$A$17,0)),"") -> 0 | AB27: =IFERROR(INDEX(הגדרות!$B$2:$B$17,MATCH(I27,הגדרות!$A$2:$A$17,0)),"") | AC27: =IFERROR(INDEX(הגדרות!$C$2:$C$17,MATCH(I27,הגדרות!$A$2:$A$17,0)),"") | AD27: =IF(AND(מלאי!D182<>"",OR(#REF!="הכל",מלאי!Z182=#REF!,מלאי!AA182=#REF!,מלאי!AB182=#REF!,מלאי!AC182=#REF!),OR(#REF!="הכל",מלאי!A182=#REF!),OR(#REF!="הכל",מלאי!B182=#REF!),OR(#REF!="הכל",מלאי!F182=#REF!,מלאי!G182=#REF!),OR(#REF!="הכל",מלאי!T182=#REF!),OR(#REF!="הכל",מלאי!Q182=#REF!),OR(#REF!="הכל",מלאי!J182=#REF!),OR(#REF!="הכל",מלאי!L182=#REF!),OR(#REF!="הכל",מלאי!O182=#REF!),OR(#REF!="הכל",מלאי!R182=#REF!),OR(#REF!="הכל",#REF!="",מלאי!W182=#REF!),OR(#REF!="הכל",#REF!="",ISNUMBER(SEARCH(#REF!,מלאי!C182)))),1,0) -> #REF! | AE27: =IF(AND(מלאי!D182<>"",OR(#REF!="הכל",מלאי!Z182=#REF!,מלאי!AA182=#REF!,מלאי!AB182=#REF!,מלאי!AC182=#REF!),OR(#REF!="הכל",מלאי!A182=#REF!),OR(#REF!="הכל",מלאי!B182=#REF!),OR(#REF!="הכל",מלאי!F182=#REF!,מלאי!G182=#REF!),OR(#REF!="הכל",מלאי!T182=#REF!),OR(#REF!="הכל",מלאי!Q182=#REF!),OR(#REF!="הכל",מלאי!J182=#REF!),OR(#REF!="הכל",מלאי!L182=#REF!),OR(#REF!="הכל",מלאי!O182=#REF!),OR(#REF!="הכל",מלאי!R182=#REF!),OR(#REF!="הכל",#REF!="",מלאי!W182=#REF!),OR(#REF!="הכל",#REF!="",ISNUMBER(SEARCH(#REF!,מלאי!C182))),OR(#REF!="הכל",מלאי!#REF!=#REF!)),1,0) -> #REF! | AF27: =IF(AD27=1,COUNTIF($AD$3:$AD27,1),"") -> #REF! | AG27: =IF(AE27=1,COUNTIF($AE$3:$AE27,1),"") -> #REF!
A28: Accessories | B28: Bag cover 90L | D28: B04 | E28: =IFERROR(INDEX(הגדרות!$I$2:$I$47,MATCH(B28,הגדרות!$H$2:$H$47,0)),"") -> 7009-01 | F28: Mesh | H28: Kestrel | J28: כן | T28: במלאי | Z28: =IFERROR(INDEX(הגדרות!$B$2:$B$17,MATCH(H28,הגדרות!$A$2:$A$17,0)),"") -> מיוער | AA28: =IFERROR(INDEX(הגדרות!$C$2:$C$17,MATCH(H28,הגדרות!$A$2:$A$17,0)),"") -> 0 | AB28: =IFERROR(INDEX(הגדרות!$B$2:$B$17,MATCH(I28,הגדרות!$A$2:$A$17,0)),"") | AC28: =IFERROR(INDEX(הגדרות!$C$2:$C$17,MATCH(I28,הגדרות!$A$2:$A$17,0)),"") | AD28: =IF(AND(מלאי!D183<>"",OR(#REF!="הכל",מלאי!Z183=#REF!,מלאי!AA183=#REF!,מלאי!AB183=#REF!,מלאי!AC183=#REF!),OR(#REF!="הכל",מלאי!A183=#REF!),OR(#REF!="הכל",מלאי!B183=#REF!),OR(#REF!="הכל",מלאי!F183=#REF!,מלאי!G183=#REF!),OR(#REF!="הכל",מלאי!T183=#REF!),OR(#REF!="הכל",מלאי!Q183=#REF!),OR(#REF!="הכל",מלאי!J183=#REF!),OR(#REF!="הכל",מלאי!L183=#REF!),OR(#REF!="הכל",מלאי!O183=#REF!),OR(#REF!="הכל",מלאי!R183=#REF!),OR(#REF!="הכל",#REF!="",מלאי!W183=#REF!),OR(#REF!="הכל",#REF!="",ISNUMBER(SEARCH(#REF!,מלאי!C183)))),1,0) -> #REF! | AE28: =IF(AND(מלאי!D183<>"",OR(#REF!="הכל",מלאי!Z183=#REF!,מלאי!AA183=#REF!,מלאי!AB183=#REF!,מלאי!AC183=#REF!),OR(#REF!="הכל",מלאי!A183=#REF!),OR(#REF!="הכל",מלאי!B183=#REF!),OR(#REF!="הכל",מלאי!F183=#REF!,מלאי!G183=#REF!),OR(#REF!="הכל",מלאי!T183=#REF!),OR(#REF!="הכל",מלאי!Q183=#REF!),OR(#REF!="הכל",מלאי!J183=#REF!),OR(#REF!="הכל",מלאי!L183=#REF!),OR(#REF!="הכל",מלאי!O183=#REF!),OR(#REF!="הכל",מלאי!R183=#REF!),OR(#REF!="הכל",#REF!="",מלאי!W183=#REF!),OR(#REF!="הכל",#REF!="",ISNUMBER(SEARCH(#REF!,מלאי!C183))),OR(#REF!="הכל",מלאי!#REF!=#REF!)),1,0) -> #REF! | AF28: =IF(AD28=1,COUNTIF($AD$3:$AD28,1),"") -> #REF! | AG28: =IF(AE28=1,COUNTIF($AE$3:$AE28,1),"") -> #REF!
A29: Accessories | B29: Bag cover 90L | D29: B05 | E29: =IFERROR(INDEX(הגדרות!$I$2:$I$47,MATCH(B29,הגדרות!$H$2:$H$47,0)),"") -> 7009-01 | F29: Mesh | H29: Desert | J29: כן | T29: במלאי | Z29: =IFERROR(INDEX(הגדרות!$B$2:$B$17,MATCH(H29,הגדרות!$A$2:$A$17,0)),"") -> מדברי | AA29: =IFERROR(INDEX(הגדרות!$C$2:$C$17,MATCH(H29,הגדרות!$A$2:$A$17,0)),"") -> 0 | AB29: =IFERROR(INDEX(הגדרות!$B$2:$B$17,MATCH(I29,הגדרות!$A$2:$A$17,0)),"") | AC29: =IFERROR(INDEX(הגדרות!$C$2:$C$17,MATCH(I29,הגדרות!$A$2:$A$17,0)),"") | AD29: =IF(AND(מלאי!D184<>"",OR(#REF!="הכל",מלאי!Z184=#REF!,מלאי!AA184=#REF!,מלאי!AB184=#REF!,מלאי!AC184=#REF!),OR(#REF!="הכל",מלאי!A184=#REF!),OR(#REF!="הכל",מלאי!B184=#REF!),OR(#REF!="הכל",מלאי!F184=#REF!,מלאי!G184=#REF!),OR(#REF!="הכל",מלאי!T184=#REF!),OR(#REF!="הכל",מלאי!Q184=#REF!),OR(#REF!="הכל",מלאי!J184=#REF!),OR(#REF!="הכל",מלאי!L184=#REF!),OR(#REF!="הכל",מלאי!O184=#REF!),OR(#REF!="הכל",מלאי!R184=#REF!),OR(#REF!="הכל",#REF!="",מלאי!W184=#REF!),OR(#REF!="הכל",#REF!="",ISNUMBER(SEARCH(#REF!,מלאי!C184)))),1,0) -> #REF! | AE29: =IF(AND(מלאי!D184<>"",OR(#REF!="הכל",מלאי!Z184=#REF!,מלאי!AA184=#REF!,מלאי!AB184=#REF!,מלאי!AC184=#REF!),OR(#REF!="הכל",מלאי!A184=#REF!),OR(#REF!="הכל",מלאי!B184=#REF!),OR(#REF!="הכל",מלאי!F184=#REF!,מלאי!G184=#REF!),OR(#REF!="הכל",מלאי!T184=#REF!),OR(#REF!="הכל",מלאי!Q184=#REF!),OR(#REF!="הכל",מלאי!J184=#REF!),OR(#REF!="הכל",מלאי!L184=#REF!),OR(#REF!="הכל",מלאי!O184=#REF!),OR(#REF!="הכל",מלאי!R184=#REF!),OR(#REF!="הכל",#REF!="",מלאי!W184=#REF!),OR(#REF!="הכל",#REF!="",ISNUMBER(SEARCH(#REF!,מלאי!C184))),OR(#REF!="הכל",מלאי!#REF!=#REF!)),1,0) -> #REF! | AF29: =IF(AD29=1,COUNTIF($AD$3:$AD29,1),"") -> #REF! | AG29: =IF(AE29=1,COUNTIF($AE$3:$AE29,1),"") -> #REF!
A30: Accessories | B30: Bag cover 90L | D30: B06 | E30: =IFERROR(INDEX(הגדרות!$I$2:$I$47,MATCH(B30,הגדרות!$H$2:$H$47,0)),"") -> 7009-01 | F30: Mesh | H30: Kestrel | J30: כן | T30: במלאי | Z30: =IFERROR(INDEX(הגדרות!$B$2:$B$17,MATCH(H30,הגדרות!$A$2:$A$17,0)),"") -> מיוער | AA30: =IFERROR(INDEX(הגדרות!$C$2:$C$17,MATCH(H30,הגדרות!$A$2:$A$17,0)),"") -> 0 | AB30: =IFERROR(INDEX(הגדרות!$B$2:$B$17,MATCH(I30,הגדרות!$A$2:$A$17,0)),"") | AC30: =IFERROR(INDEX(הגדרות!$C$2:$C$17,MATCH(I30,הגדרות!$A$2:$A$17,0)),"") | AD30: =IF(AND(מלאי!D185<>"",OR(#REF!="הכל",מלאי!Z185=#REF!,מלאי!AA185=#REF!,מלאי!AB185=#REF!,מלאי!AC185=#REF!),OR(#REF!="הכל",מלאי!A185=#REF!),OR(#REF!="הכל",מלאי!B185=#REF!),OR(#REF!="הכל",מלאי!F185=#REF!,מלאי!G185=#REF!),OR(#REF!="הכל",מלאי!T185=#REF!),OR(#REF!="הכל",מלאי!Q185=#REF!),OR(#REF!="הכל",מלאי!J185=#REF!),OR(#REF!="הכל",מלאי!L185=#REF!),OR(#REF!="הכל",מלאי!O185=#REF!),OR(#REF!="הכל",מלאי!R185=#REF!),OR(#REF!="הכל",#REF!="",מלאי!W185=#REF!),OR(#REF!="הכל",#REF!="",ISNUMBER(SEARCH(#REF!,מלאי!C185)))),1,0) -> #REF! | AE30: =IF(AND(מלאי!D185<>"",OR(#REF!="הכל",מלאי!Z185=#REF!,מלאי!AA185=#REF!,מלאי!AB185=#REF!,מלאי!AC185=#REF!),OR(#REF!="הכל",מלאי!A185=#REF!),OR(#REF!="הכל",מלאי!B185=#REF!),OR(#REF!="הכל",מלאי!F185=#REF!,מלאי!G185=#REF!),OR(#REF!="הכל",מלאי!T185=#REF!),OR(#REF!="הכל",מלאי!Q185=#REF!),OR(#REF!="הכל",מלאי!J185=#REF!),OR(#REF!="הכל",מלאי!L185=#REF!),OR(#REF!="הכל",מלאי!O185=#REF!),OR(#REF!="הכל",מלאי!R185=#REF!),OR(#REF!="הכל",#REF!="",מלאי!W185=#REF!),OR(#REF!="הכל",#REF!="",ISNUMBER(SEARCH(#REF!,מלאי!C185))),OR(#REF!="הכל",מלאי!#REF!=#REF!)),1,0) -> #REF! | AF30: =IF(AD30=1,COUNTIF($AD$3:$AD30,1),"") -> #REF! | AG30: =IF(AE30=1,COUNTIF($AE$3:$AE30,1),"") -> #REF!
A31: Uniform | B31: Balaclava | D31: בלקלבה מלאי 01 | E31: =IFERROR(INDEX(הגדרות!$I$2:$I$47,MATCH(B31,הגדרות!$H$2:$H$47,0)),"") -> 8006-00 | F31: Stretch | Z31: =IFERROR(INDEX(הגדרות!$B$2:$B$17,MATCH(H31,הגדרות!$A$2:$A$17,0)),"") | AA31: =IFERROR(INDEX(הגדרות!$C$2:$C$17,MATCH(H31,הגדרות!$A$2:$A$17,0)),"") | AB31: =IFERROR(INDEX(הגדרות!$B$2:$B$17,MATCH(I31,הגדרות!$A$2:$A$17,0)),"") | AC31: =IFERROR(INDEX(הגדרות!$C$2:$C$17,MATCH(I31,הגדרות!$A$2:$A$17,0)),"") | AD31: =IF(AND(מלאי!D165<>"",OR(#REF!="הכל",מלאי!Z165=#REF!,מלאי!AA165=#REF!,מלאי!AB165=#REF!,מלאי!AC165=#REF!),OR(#REF!="הכל",מלאי!A165=#REF!),OR(#REF!="הכל",מלאי!B165=#REF!),OR(#REF!="הכל",מלאי!F165=#REF!,מלאי!G165=#REF!),OR(#REF!="הכל",מלאי!T165=#REF!),OR(#REF!="הכל",מלאי!Q165=#REF!),OR(#REF!="הכל",מלאי!J165=#REF!),OR(#REF!="הכל",מלאי!L165=#REF!),OR(#REF!="הכל",מלאי!O165=#REF!),OR(#REF!="הכל",מלאי!R165=#REF!),OR(#REF!="הכל",#REF!="",מלאי!W165=#REF!),OR(#REF!="הכל",#REF!="",ISNUMBER(SEARCH(#REF!,מלאי!C165)))),1,0) -> #REF! | AE31: =IF(AND(מלאי!D165<>"",OR(#REF!="הכל",מלאי!Z165=#REF!,מלאי!AA165=#REF!,מלאי!AB165=#REF!,מלאי!AC165=#REF!),OR(#REF!="הכל",מלאי!A165=#REF!),OR(#REF!="הכל",מלאי!B165=#REF!),OR(#REF!="הכל",מלאי!F165=#REF!,מלאי!G165=#REF!),OR(#REF!="הכל",מלאי!T165=#REF!),OR(#REF!="הכל",מלאי!Q165=#REF!),OR(#REF!="הכל",מלאי!J165=#REF!),OR(#REF!="הכל",מלאי!L165=#REF!),OR(#REF!="הכל",מלאי!O165=#REF!),OR(#REF!="הכל",מלאי!R165=#REF!),OR(#REF!="הכל",#REF!="",מלאי!W165=#REF!),OR(#REF!="הכל",#REF!="",ISNUMBER(SEARCH(#REF!,מלאי!C165))),OR(#REF!="הכל",מלאי!#REF!=#REF!)),1,0) -> #REF! | AF31: =IF(AD31=1,COUNTIF($AD$3:$AD31,1),"") -> #REF! | AG31: =IF(AE31=1,COUNTIF($AE$3:$AE31,1),"") -> #REF!
A32: Uniform | B32: Balaclava | D32: B01 | E32: =IFERROR(INDEX(הגדרות!$I$2:$I$47,MATCH(B32,הגדרות!$H$2:$H$47,0)),"") -> 8006-00 | F32: Stretch | H32: Marine | J32: כן | T32: במלאי | Z32: =IFERROR(INDEX(הגדרות!$B$2:$B$17,MATCH(H32,הגדרות!$A$2:$A$17,0)),"") -> ימי | AA32: =IFERROR(INDEX(הגדרות!$C$2:$C$17,MATCH(H32,הגדרות!$A$2:$A$17,0)),"") -> 0 | AB32: =IFERROR(INDEX(הגדרות!$B$2:$B$17,MATCH(I32,הגדרות!$A$2:$A$17,0)),"") | AC32: =IFERROR(INDEX(הגדרות!$C$2:$C$17,MATCH(I32,הגדרות!$A$2:$A$17,0)),"") | AD32: =IF(AND(מלאי!D180<>"",OR(#REF!="הכל",מלאי!Z180=#REF!,מלאי!AA180=#REF!,מלאי!AB180=#REF!,מלאי!AC180=#REF!),OR(#REF!="הכל",מלאי!A180=#REF!),OR(#REF!="הכל",מלאי!B180=#REF!),OR(#REF!="הכל",מלאי!F180=#REF!,מלאי!G180=#REF!),OR(#REF!="הכל",מלאי!T180=#REF!),OR(#REF!="הכל",מלאי!Q180=#REF!),OR(#REF!="הכל",מלאי!J180=#REF!),OR(#REF!="הכל",מלאי!L180=#REF!),OR(#REF!="הכל",מלאי!O180=#REF!),OR(#REF!="הכל",מלאי!R180=#REF!),OR(#REF!="הכל",#REF!="",מלאי!W180=#REF!),OR(#REF!="הכל",#REF!="",ISNUMBER(SEARCH(#REF!,מלאי!C180)))),1,0) -> #REF! | AE32: =IF(AND(מלאי!D180<>"",OR(#REF!="הכל",מלאי!Z180=#REF!,מלאי!AA180=#REF!,מלאי!AB180=#REF!,מלאי!AC180=#REF!),OR(#REF!="הכל",מלאי!A180=#REF!),OR(#REF!="הכל",מלאי!B180=#REF!),OR(#REF!="הכל",מלאי!F180=#REF!,מלאי!G180=#REF!),OR(#REF!="הכל",מלאי!T180=#REF!),OR(#REF!="הכל",מלאי!Q180=#REF!),OR(#REF!="הכל",מלאי!J180=#REF!),OR(#REF!="הכל",מלאי!L180=#REF!),OR(#REF!="הכל",מלאי!O180=#REF!),OR(#REF!="הכל",מלאי!R180=#REF!),OR(#REF!="הכל",#REF!="",מלאי!W180=#REF!),OR(#REF!="הכל",#REF!="",ISNUMBER(SEARCH(#REF!,מלאי!C180))),OR(#REF!="הכל",מלאי!#REF!=#REF!)),1,0) -> #REF! | AF32: =IF(AD32=1,COUNTIF($AD$3:$AD32,1),"") -> #REF! | AG32: =IF(AE32=1,COUNTIF($AE$3:$AE32,1),"") -> #REF!
A33: Uniform | B33: Balaclava | D33: B02 | E33: =IFERROR(INDEX(הגדרות!$I$2:$I$47,MATCH(B33,הגדרות!$H$2:$H$47,0)),"") -> 8006-00 | F33: Stretch | H33: Marine | J33: כן | L33: לא | T33: במלאי | Z33: =IFERROR(INDEX(הגדרות!$B$2:$B$17,MATCH(H33,הגדרות!$A$2:$A$17,0)),"") -> ימי | AA33: =IFERROR(INDEX(הגדרות!$C$2:$C$17,MATCH(H33,הגדרות!$A$2:$A$17,0)),"") -> 0 | AB33: =IFERROR(INDEX(הגדרות!$B$2:$B$17,MATCH(I33,הגדרות!$A$2:$A$17,0)),"") | AC33: =IFERROR(INDEX(הגדרות!$C$2:$C$17,MATCH(I33,הגדרות!$A$2:$A$17,0)),"") | AD33: =IF(AND(מלאי!D181<>"",OR(#REF!="הכל",מלאי!Z181=#REF!,מלאי!AA181=#REF!,מלאי!AB181=#REF!,מלאי!AC181=#REF!),OR(#REF!="הכל",מלאי!A181=#REF!),OR(#REF!="הכל",מלאי!B181=#REF!),OR(#REF!="הכל",מלאי!F181=#REF!,מלאי!G181=#REF!),OR(#REF!="הכל",מלאי!T181=#REF!),OR(#REF!="הכל",מלאי!Q181=#REF!),OR(#REF!="הכל",מלאי!J181=#REF!),OR(#REF!="הכל",מלאי!L181=#REF!),OR(#REF!="הכל",מלאי!O181=#REF!),OR(#REF!="הכל",מלאי!R181=#REF!),OR(#REF!="הכל",#REF!="",מלאי!W181=#REF!),OR(#REF!="הכל",#REF!="",ISNUMBER(SEARCH(#REF!,מלאי!C181)))),1,0) -> #REF! | AE33: =IF(AND(מלאי!D181<>"",OR(#REF!="הכל",מלאי!Z181=#REF!,מלאי!AA181=#REF!,מלאי!AB181=#REF!,מלאי!AC181=#REF!),OR(#REF!="הכל",מלאי!A181=#REF!),OR(#REF!="הכל",מלאי!B181=#REF!),OR(#REF!="הכל",מלאי!F181=#REF!,מלאי!G181=#REF!),OR(#REF!="הכל",מלאי!T181=#REF!),OR(#REF!="הכל",מלאי!Q181=#REF!),OR(#REF!="הכל",מלאי!J181=#REF!),OR(#REF!="הכל",מלאי!L181=#REF!),OR(#REF!="הכל",מלאי!O181=#REF!),OR(#REF!="הכל",מלאי!R181=#REF!),OR(#REF!="הכל",#REF!="",מלאי!W181=#REF!),OR(#REF!="הכל",#REF!="",ISNUMBER(SEARCH(#REF!,מלאי!C181))),OR(#REF!="הכל",מלאי!#REF!=#REF!)),1,0) -> #REF! | AF33: =IF(AD33=1,COUNTIF($AD$3:$AD33,1),"") -> #REF! | AG33: =IF(AE33=1,COUNTIF($AE$3:$AE33,1),"") -> #REF!
A34: Uniform | B34: Balaclava | D34: UNI034 | E34: =IFERROR(INDEX(הגדרות!$I$2:$I$47,MATCH(B34,הגדרות!$H$2:$H$47,0)),"") -> 8006-00 | F34: Stretch | H34: Fresh Snow | J34: כן | T34: במלאי | Z34: =IFERROR(INDEX(הגדרות!$B$2:$B$17,MATCH(H34,הגדרות!$A$2:$A$17,0)),"") -> שלג | AA34: =IFERROR(INDEX(הגדרות!$C$2:$C$17,MATCH(H34,הגדרות!$A$2:$A$17,0)),"") -> 0 | AB34: =IFERROR(INDEX(הגדרות!$B$2:$B$17,MATCH(I34,הגדרות!$A$2:$A$17,0)),"") | AC34: =IFERROR(INDEX(הגדרות!$C$2:$C$17,MATCH(I34,הגדרות!$A$2:$A$17,0)),"") | AD34: =IF(AND(מלאי!D189<>"",OR(#REF!="הכל",מלאי!Z189=#REF!,מלאי!AA189=#REF!,מלאי!AB189=#REF!,מלאי!AC189=#REF!),OR(#REF!="הכל",מלאי!A189=#REF!),OR(#REF!="הכל",מלאי!B189=#REF!),OR(#REF!="הכל",מלאי!F189=#REF!,מלאי!G189=#REF!),OR(#REF!="הכל",מלאי!T189=#REF!),OR(#REF!="הכל",מלאי!Q189=#REF!),OR(#REF!="הכל",מלאי!J189=#REF!),OR(#REF!="הכל",מלאי!L189=#REF!),OR(#REF!="הכל",מלאי!O189=#REF!),OR(#REF!="הכל",מלאי!R189=#REF!),OR(#REF!="הכל",#REF!="",מלאי!W189=#REF!),OR(#REF!="הכל",#REF!="",ISNUMBER(SEARCH(#REF!,מלאי!C189)))),1,0) -> #REF! | AE34: =IF(AND(מלאי!D189<>"",OR(#REF!="הכל",מלאי!Z189=#REF!,מלאי!AA189=#REF!,מלאי!AB189=#REF!,מלאי!AC189=#REF!),OR(#REF!="הכל",מלאי!A189=#REF!),OR(#REF!="הכל",מלאי!B189=#REF!),OR(#REF!="הכל",מלאי!F189=#REF!,מלאי!G189=#REF!),OR(#REF!="הכל",מלאי!T189=#REF!),OR(#REF!="הכל",מלאי!Q189=#REF!),OR(#REF!="הכל",מלאי!J189=#REF!),OR(#REF!="הכל",מלאי!L189=#REF!),OR(#REF!="הכל",מלאי!O189=#REF!),OR(#REF!="הכל",מלאי!R189=#REF!),OR(#REF!="הכל",#REF!="",מלאי!W189=#REF!),OR(#REF!="הכל",#REF!="",ISNUMBER(SEARCH(#REF!,מלאי!C189))),OR(#REF!="הכל",מלאי!#REF!=#REF!)),1,0) -> #REF! | AF34: =IF(AD34=1,COUNTIF($AD$3:$AD34,1),"") -> #REF! | AG34: =IF(AE34=1,COUNTIF($AE$3:$AE34,1),"") -> #REF!
A35: Uniform | B35: Boonie hat | C35: V1 | D35: UNI 003 | E35: =IFERROR(INDEX(הגדרות!$I$2:$I$47,MATCH(B35,הגדרות!$H$2:$H$47,0)),"") -> 7022-00 | F35: Stretch | H35: Kestrel | J35: כן | Q35: כן | T35: במלאי | Z35: =IFERROR(INDEX(הגדרות!$B$2:$B$17,MATCH(H35,הגדרות!$A$2:$A$17,0)),"") -> מיוער | AA35: =IFERROR(INDEX(הגדרות!$C$2:$C$17,MATCH(H35,הגדרות!$A$2:$A$17,0)),"") -> 0 | AB35: =IFERROR(INDEX(הגדרות!$B$2:$B$17,MATCH(I35,הגדרות!$A$2:$A$17,0)),"") | AC35: =IFERROR(INDEX(הגדרות!$C$2:$C$17,MATCH(I35,הגדרות!$A$2:$A$17,0)),"") | AD35: =IF(AND(מלאי!D169<>"",OR(#REF!="הכל",מלאי!Z169=#REF!,מלאי!AA169=#REF!,מלאי!AB169=#REF!,מלאי!AC169=#REF!),OR(#REF!="הכל",מלאי!A169=#REF!),OR(#REF!="הכל",מלאי!B169=#REF!),OR(#REF!="הכל",מלאי!F169=#REF!,מלאי!G169=#REF!),OR(#REF!="הכל",מלאי!T169=#REF!),OR(#REF!="הכל",מלאי!Q169=#REF!),OR(#REF!="הכל",מלאי!J169=#REF!),OR(#REF!="הכל",מלאי!L169=#REF!),OR(#REF!="הכל",מלאי!O169=#REF!),OR(#REF!="הכל",מלאי!R169=#REF!),OR(#REF!="הכל",#REF!="",מלאי!W169=#REF!),OR(#REF!="הכל",#REF!="",ISNUMBER(SEARCH(#REF!,מלאי!C169)))),1,0) -> #REF! | AE35: =IF(AND(מלאי!D169<>"",OR(#REF!="הכל",מלאי!Z169=#REF!,מלאי!AA169=#REF!,מלאי!AB169=#REF!,מלאי!AC169=#REF!),OR(#REF!="הכל",מלאי!A169=#REF!),OR(#REF!="הכל",מלאי!B169=#REF!),OR(#REF!="הכל",מלאי!F169=#REF!,מלאי!G169=#REF!),OR(#REF!="הכל",מלאי!T169=#REF!),OR(#REF!="הכל",מלאי!Q169=#REF!),OR(#REF!="הכל",מלאי!J169=#REF!),OR(#REF!="הכל",מלאי!L169=#REF!),OR(#REF!="הכל",מלאי!O169=#REF!),OR(#REF!="הכל",מלאי!R169=#REF!),OR(#REF!="הכל",#REF!="",מלאי!W169=#REF!),OR(#REF!="הכל",#REF!="",ISNUMBER(SEARCH(#REF!,מלאי!C169))),OR(#REF!="הכל",מלאי!#REF!=#REF!)),1,0) -> #REF! | AF35: =IF(AD35=1,COUNTIF($AD$3:$AD35,1),"") -> #REF! | AG35: =IF(AE35=1,COUNTIF($AE$3:$AE35,1),"") -> #REF!
A36: Uniform | B36: Boonie hat | C36: V1 | D36: UNI 001 | E36: =IFERROR(INDEX(הגדרות!$I$2:$I$47,MATCH(B36,הגדרות!$H$2:$H$47,0)),"") -> 7022-00 | F36: Stretch | H36: Marine | J36: כן | Q36: כן | T36: במלאי | Z36: =IFERROR(INDEX(הגדרות!$B$2:$B$17,MATCH(H36,הגדרות!$A$2:$A$17,0)),"") -> ימי | AA36: =IFERROR(INDEX(הגדרות!$C$2:$C$17,MATCH(H36,הגדרות!$A$2:$A$17,0)),"") -> 0 | AB36: =IFERROR(INDEX(הגדרות!$B$2:$B$17,MATCH(I36,הגדרות!$A$2:$A$17,0)),"") | AC36: =IFERROR(INDEX(הגדרות!$C$2:$C$17,MATCH(I36,הגדרות!$A$2:$A$17,0)),"") | AD36: =IF(AND(מלאי!D170<>"",OR(#REF!="הכל",מלאי!Z170=#REF!,מלאי!AA170=#REF!,מלאי!AB170=#REF!,מלאי!AC170=#REF!),OR(#REF!="הכל",מלאי!A170=#REF!),OR(#REF!="הכל",מלאי!B170=#REF!),OR(#REF!="הכל",מלאי!F170=#REF!,מלאי!G170=#REF!),OR(#REF!="הכל",מלאי!T170=#REF!),OR(#REF!="הכל",מלאי!Q170=#REF!),OR(#REF!="הכל",מלאי!J170=#REF!),OR(#REF!="הכל",מלאי!L170=#REF!),OR(#REF!="הכל",מלאי!O170=#REF!),OR(#REF!="הכל",מלאי!R170=#REF!),OR(#REF!="הכל",#REF!="",מלאי!W170=#REF!),OR(#REF!="הכל",#REF!="",ISNUMBER(SEARCH(#REF!,מלאי!C170)))),1,0) -> #REF! | AE36: =IF(AND(מלאי!D170<>"",OR(#REF!="הכל",מלאי!Z170=#REF!,מלאי!AA170=#REF!,מלאי!AB170=#REF!,מלאי!AC170=#REF!),OR(#REF!="הכל",מלאי!A170=#REF!),OR(#REF!="הכל",מלאי!B170=#REF!),OR(#REF!="הכל",מלאי!F170=#REF!,מלאי!G170=#REF!),OR(#REF!="הכל",מלאי!T170=#REF!),OR(#REF!="הכל",מלאי!Q170=#REF!),OR(#REF!="הכל",מלאי!J170=#REF!),OR(#REF!="הכל",מלאי!L170=#REF!),OR(#REF!="הכל",מלאי!O170=#REF!),OR(#REF!="הכל",מלאי!R170=#REF!),OR(#REF!="הכל",#REF!="",מלאי!W170=#REF!),OR(#REF!="הכל",#REF!="",ISNUMBER(SEARCH(#REF!,מלאי!C170))),OR(#REF!="הכל",מלאי!#REF!=#REF!)),1,0) -> #REF! | AF36: =IF(AD36=1,COUNTIF($AD$3:$AD36,1),"") -> #REF! | AG36: =IF(AE36=1,COUNTIF($AE$3:$AE36,1),"") -> #REF!
A37: Uniform | B37: Boonie hat | C37: V1 | D37: UNI 043 | E37: =IFERROR(INDEX(הגדרות!$I$2:$I$47,MATCH(B37,הגדרות!$H$2:$H$47,0)),"") -> 7022-00 | F37: Stretch | H37: Marine | J37: כן | Q37: כן | T37: במלאי | Z37: =IFERROR(INDEX(הגדרות!$B$2:$B$17,MATCH(H37,הגדרות!$A$2:$A$17,0)),"") -> ימי | AA37: =IFERROR(INDEX(הגדרות!$C$2:$C$17,MATCH(H37,הגדרות!$A$2:$A$17,0)),"") -> 0 | AB37: =IFERROR(INDEX(הגדרות!$B$2:$B$17,MATCH(I37,הגדרות!$A$2:$A$17,0)),"") | AC37: =IFERROR(INDEX(הגדרות!$C$2:$C$17,MATCH(I37,הגדרות!$A$2:$A$17,0)),"") | AD37: =IF(AND(מלאי!D171<>"",OR(#REF!="הכל",מלאי!Z171=#REF!,מלאי!AA171=#REF!,מלאי!AB171=#REF!,מלאי!AC171=#REF!),OR(#REF!="הכל",מלאי!A171=#REF!),OR(#REF!="הכל",מלאי!B171=#REF!),OR(#REF!="הכל",מלאי!F171=#REF!,מלאי!G171=#REF!),OR(#REF!="הכל",מלאי!T171=#REF!),OR(#REF!="הכל",מלאי!Q171=#REF!),OR(#REF!="הכל",מלאי!J171=#REF!),OR(#REF!="הכל",מלאי!L171=#REF!),OR(#REF!="הכל",מלאי!O171=#REF!),OR(#REF!="הכל",מלאי!R171=#REF!),OR(#REF!="הכל",#REF!="",מלאי!W171=#REF!),OR(#REF!="הכל",#REF!="",ISNUMBER(SEARCH(#REF!,מלאי!C171)))),1,0) -> #REF! | AE37: =IF(AND(מלאי!D171<>"",OR(#REF!="הכל",מלאי!Z171=#REF!,מלאי!AA171=#REF!,מלאי!AB171=#REF!,מלאי!AC171=#REF!),OR(#REF!="הכל",מלאי!A171=#REF!),OR(#REF!="הכל",מלאי!B171=#REF!),OR(#REF!="הכל",מלאי!F171=#REF!,מלאי!G171=#REF!),OR(#REF!="הכל",מלאי!T171=#REF!),OR(#REF!="הכל",מלאי!Q171=#REF!),OR(#REF!="הכל",מלאי!J171=#REF!),OR(#REF!="הכל",מלאי!L171=#REF!),OR(#REF!="הכל",מלאי!O171=#REF!),OR(#REF!="הכל",מלאי!R171=#REF!),OR(#REF!="הכל",#REF!="",מלאי!W171=#REF!),OR(#REF!="הכל",#REF!="",ISNUMBER(SEARCH(#REF!,מלאי!C171))),OR(#REF!="הכל",מלאי!#REF!=#REF!)),1,0) -> #REF! | AF37: =IF(AD37=1,COUNTIF($AD$3:$AD37,1),"") -> #REF! | AG37: =IF(AE37=1,COUNTIF($AE$3:$AE37,1),"") -> #REF!
A38: OverGarment | B38: Gaiters | C38: V1 | D38: Gaiters Arc 1 | E38: =IFERROR(INDEX(הגדרות!$I$2:$I$47,MATCH(B38,הגדרות!$H$2:$H$47,0)),"") -> 5004-00 | F38: Mesh | H38: Snirt Snow | J38: כן | K38: כן | L38: כן | M38: כן | N38: כן | T38: במלאי | Z38: =IFERROR(INDEX(הגדרות!$B$2:$B$17,MATCH(H38,הגדרות!$A$2:$A$17,0)),"") -> שלג | AA38: =IFERROR(INDEX(הגדרות!$C$2:$C$17,MATCH(H38,הגדרות!$A$2:$A$17,0)),"") -> 0 | AB38: =IFERROR(INDEX(הגדרות!$B$2:$B$17,MATCH(I38,הגדרות!$A$2:$A$17,0)),"") | AC38: =IFERROR(INDEX(הגדרות!$C$2:$C$17,MATCH(I38,הגדרות!$A$2:$A$17,0)),"") | AD38: =IF(AND(מלאי!D104<>"",OR(#REF!="הכל",מלאי!Z104=#REF!,מלאי!AA104=#REF!,מלאי!AB104=#REF!,מלאי!AC104=#REF!),OR(#REF!="הכל",מלאי!A104=#REF!),OR(#REF!="הכל",מלאי!B104=#REF!),OR(#REF!="הכל",מלאי!F104=#REF!,מלאי!G104=#REF!),OR(#REF!="הכל",מלאי!T104=#REF!),OR(#REF!="הכל",מלאי!Q104=#REF!),OR(#REF!="הכל",מלאי!J104=#REF!),OR(#REF!="הכל",מלאי!L104=#REF!),OR(#REF!="הכל",מלאי!O104=#REF!),OR(#REF!="הכל",מלאי!R104=#REF!),OR(#REF!="הכל",#REF!="",מלאי!W104=#REF!),OR(#REF!="הכל",#REF!="",ISNUMBER(SEARCH(#REF!,מלאי!C104)))),1,0) -> #REF! | AE38: =IF(AND(מלאי!D104<>"",OR(#REF!="הכל",מלאי!Z104=#REF!,מלאי!AA104=#REF!,מלאי!AB104=#REF!,מלאי!AC104=#REF!),OR(#REF!="הכל",מלאי!A104=#REF!),OR(#REF!="הכל",מלאי!B104=#REF!),OR(#REF!="הכל",מלאי!F104=#REF!,מלאי!G104=#REF!),OR(#REF!="הכל",מלאי!T104=#REF!),OR(#REF!="הכל",מלאי!Q104=#REF!),OR(#REF!="הכל",מלאי!J104=#REF!),OR(#REF!="הכל",מלאי!L104=#REF!),OR(#REF!="הכל",מלאי!O104=#REF!),OR(#REF!="הכל",מלאי!R104=#REF!),OR(#REF!="הכל",#REF!="",מלאי!W104=#REF!),OR(#REF!="הכל",#REF!="",ISNUMBER(SEARCH(#REF!,מלאי!C104))),OR(#REF!="הכל",מלאי!#REF!=#REF!)),1,0) -> #REF! | AF38: =IF(AD38=1,COUNTIF($AD$3:$AD38,1),"") -> #REF! | AG38: =IF(AE38=1,COUNTIF($AE$3:$AE38,1),"") -> #REF!
A39: OverGarment | B39: Gaiters | C39: V1 | D39: Gaiters Arc 2 | E39: =IFERROR(INDEX(הגדרות!$I$2:$I$47,MATCH(B39,הגדרות!$H$2:$H$47,0)),"") -> 5004-00 | F39: RIPSTOP Double Layer | H39: Fresh Snow | J39: כן | K39: כן | L39: כן | M39: כן | N39: כן | P39: "ADAM 2" | R39: XL | T39: במלאי | Z39: =IFERROR(INDEX(הגדרות!$B$2:$B$17,MATCH(H39,הגדרות!$A$2:$A$17,0)),"") -> שלג | AA39: =IFERROR(INDEX(הגדרות!$C$2:$C$17,MATCH(H39,הגדרות!$A$2:$A$17,0)),"") -> 0 | AB39: =IFERROR(INDEX(הגדרות!$B$2:$B$17,MATCH(I39,הגדרות!$A$2:$A$17,0)),"") | AC39: =IFERROR(INDEX(הגדרות!$C$2:$C$17,MATCH(I39,הגדרות!$A$2:$A$17,0)),"") | AD39: =IF(AND(מלאי!D107<>"",OR(#REF!="הכל",מלאי!Z107=#REF!,מלאי!AA107=#REF!,מלאי!AB107=#REF!,מלאי!AC107=#REF!),OR(#REF!="הכל",מלאי!A107=#REF!),OR(#REF!="הכל",מלאי!B107=#REF!),OR(#REF!="הכל",מלאי!F107=#REF!,מלאי!G107=#REF!),OR(#REF!="הכל",מלאי!T107=#REF!),OR(#REF!="הכל",מלאי!Q107=#REF!),OR(#REF!="הכל",מלאי!J107=#REF!),OR(#REF!="הכל",מלאי!L107=#REF!),OR(#REF!="הכל",מלאי!O107=#REF!),OR(#REF!="הכל",מלאי!R107=#REF!),OR(#REF!="הכל",#REF!="",מלאי!W107=#REF!),OR(#REF!="הכל",#REF!="",ISNUMBER(SEARCH(#REF!,מלאי!C107)))),1,0) -> #REF! | AE39: =IF(AND(מלאי!D107<>"",OR(#REF!="הכל",מלאי!Z107=#REF!,מלאי!AA107=#REF!,מלאי!AB107=#REF!,מלאי!AC107=#REF!),OR(#REF!="הכל",מלאי!A107=#REF!),OR(#REF!="הכל",מלאי!B107=#REF!),OR(#REF!="הכל",מלאי!F107=#REF!,מלאי!G107=#REF!),OR(#REF!="הכל",מלאי!T107=#REF!),OR(#REF!="הכל",מלאי!Q107=#REF!),OR(#REF!="הכל",מלאי!J107=#REF!),OR(#REF!="הכל",מלאי!L107=#REF!),OR(#REF!="הכל",מלאי!O107=#REF!),OR(#REF!="הכל",מלאי!R107=#REF!),OR(#REF!="הכל",#REF!="",מלאי!W107=#REF!),OR(#REF!="הכל",#REF!="",ISNUMBER(SEARCH(#REF!,מלאי!C107))),OR(#REF!="הכל",מלאי!#REF!=#REF!)),1,0) -> #REF! | AF39: =IF(AD39=1,COUNTIF($AD$3:$AD39,1),"") -> #REF! | AG39: =IF(AE39=1,COUNTIF($AE$3:$AE39,1),"") -> #REF!
A40: OverGarment | B40: Gaiters | C40: V1 | D40: Gaiters Arc sampels Snirt | E40: =IFERROR(INDEX(הגדרות!$I$2:$I$47,MATCH(B40,הגדרות!$H$2:$H$47,0)),"") -> 5004-00 | F40: RIPSTOP Double Layer | H40: Snirt Snow | J40: כן | K40: כן | L40: כן | M40: כן | N40: כן | T40: במלאי | Z40: =IFERROR(INDEX(הגדרות!$B$2:$B$17,MATCH(H40,הגדרות!$A$2:$A$17,0)),"") -> שלג | AA40: =IFERROR(INDEX(הגדרות!$C$2:$C$17,MATCH(H40,הגדרות!$A$2:$A$17,0)),"") -> 0 | AB40: =IFERROR(INDEX(הגדרות!$B$2:$B$17,MATCH(I40,הגדרות!$A$2:$A$17,0)),"") | AC40: =IFERROR(INDEX(הגדרות!$C$2:$C$17,MATCH(I40,הגדרות!$A$2:$A$17,0)),"") | AD40: =IF(AND(מלאי!D152<>"",OR(#REF!="הכל",מלאי!Z152=#REF!,מלאי!AA152=#REF!,מלאי!AB152=#REF!,מלאי!AC152=#REF!),OR(#REF!="הכל",מלאי!A152=#REF!),OR(#REF!="הכל",מלאי!B152=#REF!),OR(#REF!="הכל",מלאי!F152=#REF!,מלאי!G152=#REF!),OR(#REF!="הכל",מלאי!T152=#REF!),OR(#REF!="הכל",מלאי!Q152=#REF!),OR(#REF!="הכל",מלאי!J152=#REF!),OR(#REF!="הכל",מלאי!L152=#REF!),OR(#REF!="הכל",מלאי!O152=#REF!),OR(#REF!="הכל",מלאי!R152=#REF!),OR(#REF!="הכל",#REF!="",מלאי!W152=#REF!),OR(#REF!="הכל",#REF!="",ISNUMBER(SEARCH(#REF!,מלאי!C152)))),1,0) -> #REF! | AE40: =IF(AND(מלאי!D152<>"",OR(#REF!="הכל",מלאי!Z152=#REF!,מלאי!AA152=#REF!,מלאי!AB152=#REF!,מלאי!AC152=#REF!),OR(#REF!="הכל",מלאי!A152=#REF!),OR(#REF!="הכל",מלאי!B152=#REF!),OR(#REF!="הכל",מלאי!F152=#REF!,מלאי!G152=#REF!),OR(#REF!="הכל",מלאי!T152=#REF!),OR(#REF!="הכל",מלאי!Q152=#REF!),OR(#REF!="הכל",מלאי!J152=#REF!),OR(#REF!="הכל",מלאי!L152=#REF!),OR(#REF!="הכל",מלאי!O152=#REF!),OR(#REF!="הכל",מלאי!R152=#REF!),OR(#REF!="הכל",#REF!="",מלאי!W152=#REF!),OR(#REF!="הכל",#REF!="",ISNUMBER(SEARCH(#REF!,מלאי!C152))),OR(#REF!="הכל",מלאי!#REF!=#REF!)),1,0) -> #REF! | AF40: =IF(AD40=1,COUNTIF($AD$3:$AD40,1),"") -> #REF! | AG40: =IF(AE40=1,COUNTIF($AE$3:$AE40,1),"") -> #REF!
A41: OverGarment | B41: Gaiters | C41: V1 | D41: Gaiters Arc sampels Fresh | E41: =IFERROR(INDEX(הגדרות!$I$2:$I$47,MATCH(B41,הגדרות!$H$2:$H$47,0)),"") -> 5004-00 | F41: RIPSTOP Double Layer | H41: Fresh Snow | J41: כן | K41: כן | L41: כן | M41: כן | N41: כן | T41: במלאי | Z41: =IFERROR(INDEX(הגדרות!$B$2:$B$17,MATCH(H41,הגדרות!$A$2:$A$17,0)),"") -> שלג | AA41: =IFERROR(INDEX(הגדרות!$C$2:$C$17,MATCH(H41,הגדרות!$A$2:$A$17,0)),"") -> 0 | AB41: =IFERROR(INDEX(הגדרות!$B$2:$B$17,MATCH(I41,הגדרות!$A$2:$A$17,0)),"") | AC41: =IFERROR(INDEX(הגדרות!$C$2:$C$17,MATCH(I41,הגדרות!$A$2:$A$17,0)),"") | AD41: =IF(AND(מלאי!D157<>"",OR(#REF!="הכל",מלאי!Z157=#REF!,מלאי!AA157=#REF!,מלאי!AB157=#REF!,מלאי!AC157=#REF!),OR(#REF!="הכל",מלאי!A157=#REF!),OR(#REF!="הכל",מלאי!B157=#REF!),OR(#REF!="הכל",מלאי!F157=#REF!,מלאי!G157=#REF!),OR(#REF!="הכל",מלאי!T157=#REF!),OR(#REF!="הכל",מלאי!Q157=#REF!),OR(#REF!="הכל",מלאי!J157=#REF!),OR(#REF!="הכל",מלאי!L157=#REF!),OR(#REF!="הכל",מלאי!O157=#REF!),OR(#REF!="הכל",מלאי!R157=#REF!),OR(#REF!="הכל",#REF!="",מלאי!W157=#REF!),OR(#REF!="הכל",#REF!="",ISNUMBER(SEARCH(#REF!,מלאי!C157)))),1,0) -> #REF! | AE41: =IF(AND(מלאי!D157<>"",OR(#REF!="הכל",מלאי!Z157=#REF!,מלאי!AA157=#REF!,מלאי!AB157=#REF!,מלאי!AC157=#REF!),OR(#REF!="הכל",מלאי!A157=#REF!),OR(#REF!="הכל",מלאי!B157=#REF!),OR(#REF!="הכל",מלאי!F157=#REF!,מלאי!G157=#REF!),OR(#REF!="הכל",מלאי!T157=#REF!),OR(#REF!="הכל",מלאי!Q157=#REF!),OR(#REF!="הכל",מלאי!J157=#REF!),OR(#REF!="הכל",מלאי!L157=#REF!),OR(#REF!="הכל",מלאי!O157=#REF!),OR(#REF!="הכל",מלאי!R157=#REF!),OR(#REF!="הכל",#REF!="",מלאי!W157=#REF!),OR(#REF!="הכל",#REF!="",ISNUMBER(SEARCH(#REF!,מלאי!C157))),OR(#REF!="הכל",מלאי!#REF!=#REF!)),1,0) -> #REF! | AF41: =IF(AD41=1,COUNTIF($AD$3:$AD41,1),"") -> #REF! | AG41: =IF(AE41=1,COUNTIF($AE$3:$AE41,1),"") -> #REF!
A42: OverGarment | B42: Gal Suit | C42: V1 | D42: גל הדגמה | E42: =IFERROR(INDEX(הגדרות!$I$2:$I$47,MATCH(B42,הגדרות!$H$2:$H$47,0)),"") -> 7004-01 | F42: Mesh | H42: Ever-Green | I42: Desert | J42: כן | K42: כן | L42: כן | M42: כן | O42: כן | Q42: לא | S42: לא | T42: במלאי | Z42: =IFERROR(INDEX(הגדרות!$B$2:$B$17,MATCH(H42,הגדרות!$A$2:$A$17,0)),"") -> מיוער | AA42: =IFERROR(INDEX(הגדרות!$C$2:$C$17,MATCH(H42,הגדרות!$A$2:$A$17,0)),"") -> 0 | AB42: =IFERROR(INDEX(הגדרות!$B$2:$B$17,MATCH(I42,הגדרות!$A$2:$A$17,0)),"") -> מדברי | AC42: =IFERROR(INDEX(הגדרות!$C$2:$C$17,MATCH(I42,הגדרות!$A$2:$A$17,0)),"") -> 0 | AD42: =IF(AND(מלאי!D24<>"",OR(#REF!="הכל",מלאי!Z24=#REF!,מלאי!AA24=#REF!,מלאי!AB24=#REF!,מלאי!AC24=#REF!),OR(#REF!="הכל",מלאי!A24=#REF!),OR(#REF!="הכל",מלאי!B24=#REF!),OR(#REF!="הכל",מלאי!F24=#REF!,מלאי!G24=#REF!),OR(#REF!="הכל",מלאי!T24=#REF!),OR(#REF!="הכל",מלאי!Q24=#REF!),OR(#REF!="הכל",מלאי!J24=#REF!),OR(#REF!="הכל",מלאי!L24=#REF!),OR(#REF!="הכל",מלאי!O24=#REF!),OR(#REF!="הכל",מלאי!R24=#REF!),OR(#REF!="הכל",#REF!="",מלאי!W24=#REF!),OR(#REF!="הכל",#REF!="",ISNUMBER(SEARCH(#REF!,מלאי!C24)))),1,0) -> #REF! | AE42: =IF(AND(מלאי!D24<>"",OR(#REF!="הכל",מלאי!Z24=#REF!,מלאי!AA24=#REF!,מלאי!AB24=#REF!,מלאי!AC24=#REF!),OR(#REF!="הכל",מלאי!A24=#REF!),OR(#REF!="הכל",מלאי!B24=#REF!),OR(#REF!="הכל",מלאי!F24=#REF!,מלאי!G24=#REF!),OR(#REF!="הכל",מלאי!T24=#REF!),OR(#REF!="הכל",מלאי!Q24=#REF!),OR(#REF!="הכל",מלאי!J24=#REF!),OR(#REF!="הכל",מלאי!L24=#REF!),OR(#REF!="הכל",מלאי!O24=#REF!),OR(#REF!="הכל",מלאי!R24=#REF!),OR(#REF!="הכל",#REF!="",מלאי!W24=#REF!),OR(#REF!="הכל",#REF!="",ISNUMBER(SEARCH(#REF!,מלאי!C24))),OR(#REF!="הכל",מלאי!#REF!=#REF!)),1,0) -> #REF! | AF42: =IF(AD42=1,COUNTIF($AD$3:$AD42,1),"") -> #REF! | AG42: =IF(AE42=1,COUNTIF($AE$3:$AE42,1),"") -> #REF!
A43: OverGarment | B43: Gal Suit | C43: V1 | D43: גל תצוגה | E43: =IFERROR(INDEX(הגדרות!$I$2:$I$47,MATCH(B43,הגדרות!$H$2:$H$47,0)),"") -> 7004-01 | F43: Mesh | H43: Ever-Green | I43: Desert | J43: כן | K43: כן | L43: כן | M43: כן | O43: כן | Q43: לא | S43: לא | T43: בחדר תצוגה | Z43: =IFERROR(INDEX(הגדרות!$B$2:$B$17,MATCH(H43,הגדרות!$A$2:$A$17,0)),"") -> מיוער | AA43: =IFERROR(INDEX(הגדרות!$C$2:$C$17,MATCH(H43,הגדרות!$A$2:$A$17,0)),"") -> 0 | AB43: =IFERROR(INDEX(הגדרות!$B$2:$B$17,MATCH(I43,הגדרות!$A$2:$A$17,0)),"") -> מדברי | AC43: =IFERROR(INDEX(הגדרות!$C$2:$C$17,MATCH(I43,הגדרות!$A$2:$A$17,0)),"") -> 0 | AD43: =IF(AND(מלאי!D25<>"",OR(#REF!="הכל",מלאי!Z25=#REF!,מלאי!AA25=#REF!,מלאי!AB25=#REF!,מלאי!AC25=#REF!),OR(#REF!="הכל",מלאי!A25=#REF!),OR(#REF!="הכל",מלאי!B25=#REF!),OR(#REF!="הכל",מלאי!F25=#REF!,מלאי!G25=#REF!),OR(#REF!="הכל",מלאי!T25=#REF!),OR(#REF!="הכל",מלאי!Q25=#REF!),OR(#REF!="הכל",מלאי!J25=#REF!),OR(#REF!="הכל",מלאי!L25=#REF!),OR(#REF!="הכל",מלאי!O25=#REF!),OR(#REF!="הכל",מלאי!R25=#REF!),OR(#REF!="הכל",#REF!="",מלאי!W25=#REF!),OR(#REF!="הכל",#REF!="",ISNUMBER(SEARCH(#REF!,מלאי!C25)))),1,0) -> #REF! | AE43: =IF(AND(מלאי!D25<>"",OR(#REF!="הכל",מלאי!Z25=#REF!,מלאי!AA25=#REF!,מלאי!AB25=#REF!,מלאי!AC25=#REF!),OR(#REF!="הכל",מלאי!A25=#REF!),OR(#REF!="הכל",מלאי!B25=#REF!),OR(#REF!="הכל",מלאי!F25=#REF!,מלאי!G25=#REF!),OR(#REF!="הכל",מלאי!T25=#REF!),OR(#REF!="הכל",מלאי!Q25=#REF!),OR(#REF!="הכל",מלאי!J25=#REF!),OR(#REF!="הכל",מלאי!L25=#REF!),OR(#REF!="הכל",מלאי!O25=#REF!),OR(#REF!="הכל",מלאי!R25=#REF!),OR(#REF!="הכל",#REF!="",מלאי!W25=#REF!),OR(#REF!="הכל",#REF!="",ISNUMBER(SEARCH(#REF!,מלאי!C25))),OR(#REF!="הכל",מלאי!#REF!=#REF!)),1,0) -> #REF! | AF43: =IF(AD43=1,COUNTIF($AD$3:$AD43,1),"") -> #REF! | AG43: =IF(AE43=1,COUNTIF($AE$3:$AE43,1),"") -> #REF!
A44: OverGarment | B44: Gal Suit | C44: V1 | D44: גל תצוגה אורבן | E44: =IFERROR(INDEX(הגדרות!$I$2:$I$47,MATCH(B44,הגדרות!$H$2:$H$47,0)),"") -> 7004-01 | F44: Mesh | H44: Boulder | J44: כן | L44: לא | O44: לא | Q44: כן | S44: לא | T44: בחדר תצוגה | Z44: =IFERROR(INDEX(הגדרות!$B$2:$B$17,MATCH(H44,הגדרות!$A$2:$A$17,0)),"") -> בולדר/שטח בנוי | AA44: =IFERROR(INDEX(הגדרות!$C$2:$C$17,MATCH(H44,הגדרות!$A$2:$A$17,0)),"") -> 0 | AB44: =IFERROR(INDEX(הגדרות!$B$2:$B$17,MATCH(I44,הגדרות!$A$2:$A$17,0)),"") | AC44: =IFERROR(INDEX(הגדרות!$C$2:$C$17,MATCH(I44,הגדרות!$A$2:$A$17,0)),"") | AD44: =IF(AND(מלאי!D50<>"",OR(#REF!="הכל",מלאי!Z50=#REF!,מלאי!AA50=#REF!,מלאי!AB50=#REF!,מלאי!AC50=#REF!),OR(#REF!="הכל",מלאי!A50=#REF!),OR(#REF!="הכל",מלאי!B50=#REF!),OR(#REF!="הכל",מלאי!F50=#REF!,מלאי!G50=#REF!),OR(#REF!="הכל",מלאי!T50=#REF!),OR(#REF!="הכל",מלאי!Q50=#REF!),OR(#REF!="הכל",מלאי!J50=#REF!),OR(#REF!="הכל",מלאי!L50=#REF!),OR(#REF!="הכל",מלאי!O50=#REF!),OR(#REF!="הכל",מלאי!R50=#REF!),OR(#REF!="הכל",#REF!="",מלאי!W50=#REF!),OR(#REF!="הכל",#REF!="",ISNUMBER(SEARCH(#REF!,מלאי!C50)))),1,0) -> #REF! | AE44: =IF(AND(מלאי!D50<>"",OR(#REF!="הכל",מלאי!Z50=#REF!,מלאי!AA50=#REF!,מלאי!AB50=#REF!,מלאי!AC50=#REF!),OR(#REF!="הכל",מלאי!A50=#REF!),OR(#REF!="הכל",מלאי!B50=#REF!),OR(#REF!="הכל",מלאי!F50=#REF!,מלאי!G50=#REF!),OR(#REF!="הכל",מלאי!T50=#REF!),OR(#REF!="הכל",מלאי!Q50=#REF!),OR(#REF!="הכל",מלאי!J50=#REF!),OR(#REF!="הכל",מלאי!L50=#REF!),OR(#REF!="הכל",מלאי!O50=#REF!),OR(#REF!="הכל",מלאי!R50=#REF!),OR(#REF!="הכל",#REF!="",מלאי!W50=#REF!),OR(#REF!="הכל",#REF!="",ISNUMBER(SEARCH(#REF!,מלאי!C50))),OR(#REF!="הכל",מלאי!#REF!=#REF!)),1,0) -> #REF! | AF44: =IF(AD44=1,COUNTIF($AD$3:$AD44,1),"") -> #REF! | AG44: =IF(AE44=1,COUNTIF($AE$3:$AE44,1),"") -> #REF!
A45: OverGarment | B45: Gal Suit | C45: V1 | D45: Gal VIS 2 | E45: =IFERROR(INDEX(הגדרות!$I$2:$I$47,MATCH(B45,הגדרות!$H$2:$H$47,0)),"") -> 7004-01 | F45: Mesh | H45: Desert | J45: כן | L45: לא | N45: לא | O45: לא | P45: חסרים הרבה פיצ'רים | Q45: כן | S45: לא | T45: במלאי | U45: מוצר ישן | Z45: =IFERROR(INDEX(הגדרות!$B$2:$B$17,MATCH(H45,הגדרות!$A$2:$A$17,0)),"") -> מדברי | AA45: =IFERROR(INDEX(הגדרות!$C$2:$C$17,MATCH(H45,הגדרות!$A$2:$A$17,0)),"") -> 0 | AB45: =IFERROR(INDEX(הגדרות!$B$2:$B$17,MATCH(I45,הגדרות!$A$2:$A$17,0)),"") | AC45: =IFERROR(INDEX(הגדרות!$C$2:$C$17,MATCH(I45,הגדרות!$A$2:$A$17,0)),"") | AD45: =IF(AND(מלאי!D87<>"",OR(#REF!="הכל",מלאי!Z87=#REF!,מלאי!AA87=#REF!,מלאי!AB87=#REF!,מלאי!AC87=#REF!),OR(#REF!="הכל",מלאי!A87=#REF!),OR(#REF!="הכל",מלאי!B87=#REF!),OR(#REF!="הכל",מלאי!F87=#REF!,מלאי!G87=#REF!),OR(#REF!="הכל",מלאי!T87=#REF!),OR(#REF!="הכל",מלאי!Q87=#REF!),OR(#REF!="הכל",מלאי!J87=#REF!),OR(#REF!="הכל",מלאי!L87=#REF!),OR(#REF!="הכל",מלאי!O87=#REF!),OR(#REF!="הכל",מלאי!R87=#REF!),OR(#REF!="הכל",#REF!="",מלאי!W87=#REF!),OR(#REF!="הכל",#REF!="",ISNUMBER(SEARCH(#REF!,מלאי!C87)))),1,0) -> #REF! | AE45: =IF(AND(מלאי!D87<>"",OR(#REF!="הכל",מלאי!Z87=#REF!,מלאי!AA87=#REF!,מלאי!AB87=#REF!,מלאי!AC87=#REF!),OR(#REF!="הכל",מלאי!A87=#REF!),OR(#REF!="הכל",מלאי!B87=#REF!),OR(#REF!="הכל",מלאי!F87=#REF!,מלאי!G87=#REF!),OR(#REF!="הכל",מלאי!T87=#REF!),OR(#REF!="הכל",מלאי!Q87=#REF!),OR(#REF!="הכל",מלאי!J87=#REF!),OR(#REF!="הכל",מלאי!L87=#REF!),OR(#REF!="הכל",מלאי!O87=#REF!),OR(#REF!="הכל",מלאי!R87=#REF!),OR(#REF!="הכל",#REF!="",מלאי!W87=#REF!),OR(#REF!="הכל",#REF!="",ISNUMBER(SEARCH(#REF!,מלאי!C87))),OR(#REF!="הכל",מלאי!#REF!=#REF!)),1,0) -> #REF! | AF45: =IF(AD45=1,COUNTIF($AD$3:$AD45,1),"") -> #REF! | AG45: =IF(AE45=1,COUNTIF($AE$3:$AE45,1),"") -> #REF!
A46: OverGarment | B46: Gal Suit | C46: V1 | D46: Gal Double layers 1 | E46: =IFERROR(INDEX(הגדרות!$I$2:$I$47,MATCH(B46,הגדרות!$H$2:$H$47,0)),"") -> 7004-01 | F46: Mesh | G46: RIPSTOP | H46: NATO | I46: Woodland | J46: כן | K46: כן | L46: כן | M46: כן | N46: כן | O46: כן | Q46: כן | S46: לא | T46: במלאי | Z46: =IFERROR(INDEX(הגדרות!$B$2:$B$17,MATCH(H46,הגדרות!$A$2:$A$17,0)),"") -> מיוער | AA46: =IFERROR(INDEX(הגדרות!$C$2:$C$17,MATCH(H46,הגדרות!$A$2:$A$17,0)),"") -> 0 | AB46: =IFERROR(INDEX(הגדרות!$B$2:$B$17,MATCH(I46,הגדרות!$A$2:$A$17,0)),"") -> מיוער | AC46: =IFERROR(INDEX(הגדרות!$C$2:$C$17,MATCH(I46,הגדרות!$A$2:$A$17,0)),"") -> 0 | AD46: =IF(AND(מלאי!D88<>"",OR(#REF!="הכל",מלאי!Z88=#REF!,מלאי!AA88=#REF!,מלאי!AB88=#REF!,מלאי!AC88=#REF!),OR(#REF!="הכל",מלאי!A88=#REF!),OR(#REF!="הכל",מלאי!B88=#REF!),OR(#REF!="הכל",מלאי!F88=#REF!,מלאי!G88=#REF!),OR(#REF!="הכל",מלאי!T88=#REF!),OR(#REF!="הכל",מלאי!Q88=#REF!),OR(#REF!="הכל",מלאי!J88=#REF!),OR(#REF!="הכל",מלאי!L88=#REF!),OR(#REF!="הכל",מלאי!O88=#REF!),OR(#REF!="הכל",מלאי!R88=#REF!),OR(#REF!="הכל",#REF!="",מלאי!W88=#REF!),OR(#REF!="הכל",#REF!="",ISNUMBER(SEARCH(#REF!,מלאי!C88)))),1,0) -> #REF! | AE46: =IF(AND(מלאי!D88<>"",OR(#REF!="הכל",מלאי!Z88=#REF!,מלאי!AA88=#REF!,מלאי!AB88=#REF!,מלאי!AC88=#REF!),OR(#REF!="הכל",מלאי!A88=#REF!),OR(#REF!="הכל",מלאי!B88=#REF!),OR(#REF!="הכל",מלאי!F88=#REF!,מלאי!G88=#REF!),OR(#REF!="הכל",מלאי!T88=#REF!),OR(#REF!="הכל",מלאי!Q88=#REF!),OR(#REF!="הכל",מלאי!J88=#REF!),OR(#REF!="הכל",מלאי!L88=#REF!),OR(#REF!="הכל",מלאי!O88=#REF!),OR(#REF!="הכל",מלאי!R88=#REF!),OR(#REF!="הכל",#REF!="",מלאי!W88=#REF!),OR(#REF!="הכל",#REF!="",ISNUMBER(SEARCH(#REF!,מלאי!C88))),OR(#REF!="הכל",מלאי!#REF!=#REF!)),1,0) -> #REF! | AF46: =IF(AD46=1,COUNTIF($AD$3:$AD46,1),"") -> #REF! | AG46: =IF(AE46=1,COUNTIF($AE$3:$AE46,1),"") -> #REF!
A47: OverGarment | B47: Gal Suit | C47: V1 | D47: Gal 1 | E47: =IFERROR(INDEX(הגדרות!$I$2:$I$47,MATCH(B47,הגדרות!$H$2:$H$47,0)),"") -> 7004-01 | F47: Mesh | H47: Ever-Green | I47: Desert | J47: כן | K47: כן | L47: כן | M47: כן | O47: כן | Q47: לא | S47: לא | T47: במלאי | Z47: =IFERROR(INDEX(הגדרות!$B$2:$B$17,MATCH(H47,הגדרות!$A$2:$A$17,0)),"") -> מיוער | AA47: =IFERROR(INDEX(הגדרות!$C$2:$C$17,MATCH(H47,הגדרות!$A$2:$A$17,0)),"") -> 0 | AB47: =IFERROR(INDEX(הגדרות!$B$2:$B$17,MATCH(I47,הגדרות!$A$2:$A$17,0)),"") -> מדברי | AC47: =IFERROR(INDEX(הגדרות!$C$2:$C$17,MATCH(I47,הגדרות!$A$2:$A$17,0)),"") -> 0 | AD47: =IF(AND(מלאי!D125<>"",OR(#REF!="הכל",מלאי!Z125=#REF!,מלאי!AA125=#REF!,מלאי!AB125=#REF!,מלאי!AC125=#REF!),OR(#REF!="הכל",מלאי!A125=#REF!),OR(#REF!="הכל",מלאי!B125=#REF!),OR(#REF!="הכל",מלאי!F125=#REF!,מלאי!G125=#REF!),OR(#REF!="הכל",מלאי!T125=#REF!),OR(#REF!="הכל",מלאי!Q125=#REF!),OR(#REF!="הכל",מלאי!J125=#REF!),OR(#REF!="הכל",מלאי!L125=#REF!),OR(#REF!="הכל",מלאי!O125=#REF!),OR(#REF!="הכל",מלאי!R125=#REF!),OR(#REF!="הכל",#REF!="",מלאי!W125=#REF!),OR(#REF!="הכל",#REF!="",ISNUMBER(SEARCH(#REF!,מלאי!C125)))),1,0) -> #REF! | AE47: =IF(AND(מלאי!D125<>"",OR(#REF!="הכל",מלאי!Z125=#REF!,מלאי!AA125=#REF!,מלאי!AB125=#REF!,מלאי!AC125=#REF!),OR(#REF!="הכל",מלאי!A125=#REF!),OR(#REF!="הכל",מלאי!B125=#REF!),OR(#REF!="הכל",מלאי!F125=#REF!,מלאי!G125=#REF!),OR(#REF!="הכל",מלאי!T125=#REF!),OR(#REF!="הכל",מלאי!Q125=#REF!),OR(#REF!="הכל",מלאי!J125=#REF!),OR(#REF!="הכל",מלאי!L125=#REF!),OR(#REF!="הכל",מלאי!O125=#REF!),OR(#REF!="הכל",מלאי!R125=#REF!),OR(#REF!="הכל",#REF!="",מלאי!W125=#REF!),OR(#REF!="הכל",#REF!="",ISNUMBER(SEARCH(#REF!,מלאי!C125))),OR(#REF!="הכל",מלאי!#REF!=#REF!)),1,0) -> #REF! | AF47: =IF(AD47=1,COUNTIF($AD$3:$AD47,1),"") -> #REF! | AG47: =IF(AE47=1,COUNTIF($AE$3:$AE47,1),"") -> #REF!
A48: Platform Hide Site | B48: GMV | D48: GMV 1 לא מטופל | E48: =IFERROR(INDEX(הגדרות!$I$2:$I$47,MATCH(B48,הגדרות!$H$2:$H$47,0)),"") | F48: רשת רכב | H48: Desert | I48: Desert-Green | J48: כן | K48: כן | L48: לא | M48: לא | T48: במלאי | Z48: =IFERROR(INDEX(הגדרות!$B$2:$B$17,MATCH(H48,הגדרות!$A$2:$A$17,0)),"") -> מדברי | AA48: =IFERROR(INDEX(הגדרות!$C$2:$C$17,MATCH(H48,הגדרות!$A$2:$A$17,0)),"") -> 0 | AB48: =IFERROR(INDEX(הגדרות!$B$2:$B$17,MATCH(I48,הגדרות!$A$2:$A$17,0)),"") -> מדברי | AC48: =IFERROR(INDEX(הגדרות!$C$2:$C$17,MATCH(I48,הגדרות!$A$2:$A$17,0)),"") -> 0 | AD48: =IF(AND(מלאי!D138<>"",OR(#REF!="הכל",מלאי!Z138=#REF!,מלאי!AA138=#REF!,מלאי!AB138=#REF!,מלאי!AC138=#REF!),OR(#REF!="הכל",מלאי!A138=#REF!),OR(#REF!="הכל",מלאי!B138=#REF!),OR(#REF!="הכל",מלאי!F138=#REF!,מלאי!G138=#REF!),OR(#REF!="הכל",מלאי!T138=#REF!),OR(#REF!="הכל",מלאי!Q138=#REF!),OR(#REF!="הכל",מלאי!J138=#REF!),OR(#REF!="הכל",מלאי!L138=#REF!),OR(#REF!="הכל",מלאי!O138=#REF!),OR(#REF!="הכל",מלאי!R138=#REF!),OR(#REF!="הכל",#REF!="",מלאי!W138=#REF!),OR(#REF!="הכל",#REF!="",ISNUMBER(SEARCH(#REF!,מלאי!C138)))),1,0) -> #REF! | AE48: =IF(AND(מלאי!D138<>"",OR(#REF!="הכל",מלאי!Z138=#REF!,מלאי!AA138=#REF!,מלאי!AB138=#REF!,מלאי!AC138=#REF!),OR(#REF!="הכל",מלאי!A138=#REF!),OR(#REF!="הכל",מלאי!B138=#REF!),OR(#REF!="הכל",מלאי!F138=#REF!,מלאי!G138=#REF!),OR(#REF!="הכל",מלאי!T138=#REF!),OR(#REF!="הכל",מלאי!Q138=#REF!),OR(#REF!="הכל",מלאי!J138=#REF!),OR(#REF!="הכל",מלאי!L138=#REF!),OR(#REF!="הכל",מלאי!O138=#REF!),OR(#REF!="הכל",מלאי!R138=#REF!),OR(#REF!="הכל",#REF!="",מלאי!W138=#REF!),OR(#REF!="הכל",#REF!="",ISNUMBER(SEARCH(#REF!,מלאי!C138))),OR(#REF!="הכל",מלאי!#REF!=#REF!)),1,0) -> #REF! | AF48: =IF(AD48=1,COUNTIF($AD$3:$AD48,1),"") -> #REF! | AG48: =IF(AE48=1,COUNTIF($AE$3:$AE48,1),"") -> #REF!
A49: Platform Hide Site | B49: GMV | D49: GMV 2 לא מטופל | E49: =IFERROR(INDEX(הגדרות!$I$2:$I$47,MATCH(B49,הגדרות!$H$2:$H$47,0)),"") | F49: רשת רכב | H49: Desert | I49: Desert-Green | J49: כן | K49: כן | L49: לא | M49: לא | T49: במלאי | Z49: =IFERROR(INDEX(הגדרות!$B$2:$B$17,MATCH(H49,הגדרות!$A$2:$A$17,0)),"") -> מדברי | AA49: =IFERROR(INDEX(הגדרות!$C$2:$C$17,MATCH(H49,הגדרות!$A$2:$A$17,0)),"") -> 0 | AB49: =IFERROR(INDEX(הגדרות!$B$2:$B$17,MATCH(I49,הגדרות!$A$2:$A$17,0)),"") -> מדברי | AC49: =IFERROR(INDEX(הגדרות!$C$2:$C$17,MATCH(I49,הגדרות!$A$2:$A$17,0)),"") -> 0 | AD49: =IF(AND(מלאי!D139<>"",OR(#REF!="הכל",מלאי!Z139=#REF!,מלאי!AA139=#REF!,מלאי!AB139=#REF!,מלאי!AC139=#REF!),OR(#REF!="הכל",מלאי!A139=#REF!),OR(#REF!="הכל",מלאי!B139=#REF!),OR(#REF!="הכל",מלאי!F139=#REF!,מלאי!G139=#REF!),OR(#REF!="הכל",מלאי!T139=#REF!),OR(#REF!="הכל",מלאי!Q139=#REF!),OR(#REF!="הכל",מלאי!J139=#REF!),OR(#REF!="הכל",מלאי!L139=#REF!),OR(#REF!="הכל",מלאי!O139=#REF!),OR(#REF!="הכל",מלאי!R139=#REF!),OR(#REF!="הכל",#REF!="",מלאי!W139=#REF!),OR(#REF!="הכל",#REF!="",ISNUMBER(SEARCH(#REF!,מלאי!C139)))),1,0) -> #REF! | AE49: =IF(AND(מלאי!D139<>"",OR(#REF!="הכל",מלאי!Z139=#REF!,מלאי!AA139=#REF!,מלאי!AB139=#REF!,מלאי!AC139=#REF!),OR(#REF!="הכל",מלאי!A139=#REF!),OR(#REF!="הכל",מלאי!B139=#REF!),OR(#REF!="הכל",מלאי!F139=#REF!,מלאי!G139=#REF!),OR(#REF!="הכל",מלאי!T139=#REF!),OR(#REF!="הכל",מלאי!Q139=#REF!),OR(#REF!="הכל",מלאי!J139=#REF!),OR(#REF!="הכל",מלאי!L139=#REF!),OR(#REF!="הכל",מלאי!O139=#REF!),OR(#REF!="הכל",מלאי!R139=#REF!),OR(#REF!="הכל",#REF!="",מלאי!W139=#REF!),OR(#REF!="הכל",#REF!="",ISNUMBER(SEARCH(#REF!,מלאי!C139))),OR(#REF!="הכל",מלאי!#REF!=#REF!)),1,0) -> #REF! | AF49: =IF(AD49=1,COUNTIF($AD$3:$AD49,1),"") -> #REF! | AG49: =IF(AE49=1,COUNTIF($AE$3:$AE49,1),"") -> #REF!
A50: Uniform | B50: Headcover | C50: ELITE | D50: UNI 022 | E50: =IFERROR(INDEX(הגדרות!$I$2:$I$47,MATCH(B50,הגדרות!$H$2:$H$47,0)),"") -> 8030-00 | F50: Stretch | H50: Kestrel | J50: כן | P50: Prototype 1, קצת דהוי | T50: במלאי | Z50: =IFERROR(INDEX(הגדרות!$B$2:$B$17,MATCH(H50,הגדרות!$A$2:$A$17,0)),"") -> מיוער | AA50: =IFERROR(INDEX(הגדרות!$C$2:$C$17,MATCH(H50,הגדרות!$A$2:$A$17,0)),"") -> 0 | AB50: =IFERROR(INDEX(הגדרות!$B$2:$B$17,MATCH(I50,הגדרות!$A$2:$A$17,0)),"") | AC50: =IFERROR(INDEX(הגדרות!$C$2:$C$17,MATCH(I50,הגדרות!$A$2:$A$17,0)),"") | AD50: =IF(AND(מלאי!D109<>"",OR(#REF!="הכל",מלאי!Z109=#REF!,מלאי!AA109=#REF!,מלאי!AB109=#REF!,מלאי!AC109=#REF!),OR(#REF!="הכל",מלאי!A109=#REF!),OR(#REF!="הכל",מלאי!B109=#REF!),OR(#REF!="הכל",מלאי!F109=#REF!,מלאי!G109=#REF!),OR(#REF!="הכל",מלאי!T109=#REF!),OR(#REF!="הכל",מלאי!Q109=#REF!),OR(#REF!="הכל",מלאי!J109=#REF!),OR(#REF!="הכל",מלאי!L109=#REF!),OR(#REF!="הכל",מלאי!O109=#REF!),OR(#REF!="הכל",מלאי!R109=#REF!),OR(#REF!="הכל",#REF!="",מלאי!W109=#REF!),OR(#REF!="הכל",#REF!="",ISNUMBER(SEARCH(#REF!,מלאי!C109)))),1,0) -> #REF! | AE50: =IF(AND(מלאי!D109<>"",OR(#REF!="הכל",מלאי!Z109=#REF!,מלאי!AA109=#REF!,מלאי!AB109=#REF!,מלאי!AC109=#REF!),OR(#REF!="הכל",מלאי!A109=#REF!),OR(#REF!="הכל",מלאי!B109=#REF!),OR(#REF!="הכל",מלאי!F109=#REF!,מלאי!G109=#REF!),OR(#REF!="הכל",מלאי!T109=#REF!),OR(#REF!="הכל",מלאי!Q109=#REF!),OR(#REF!="הכל",מלאי!J109=#REF!),OR(#REF!="הכל",מלאי!L109=#REF!),OR(#REF!="הכל",מלאי!O109=#REF!),OR(#REF!="הכל",מלאי!R109=#REF!),OR(#REF!="הכל",#REF!="",מלאי!W109=#REF!),OR(#REF!="הכל",#REF!="",ISNUMBER(SEARCH(#REF!,מלאי!C109))),OR(#REF!="הכל",מלאי!#REF!=#REF!)),1,0) -> #REF! | AF50: =IF(AD50=1,COUNTIF($AD$3:$AD50,1),"") -> #REF! | AG50: =IF(AE50=1,COUNTIF($AE$3:$AE50,1),"") -> #REF!
A51: Uniform | B51: Headcover | D51: קסדה מרון 1 | E51: =IFERROR(INDEX(הגדרות!$I$2:$I$47,MATCH(B51,הגדרות!$H$2:$H$47,0)),"") -> 8030-00 | F51: Meron | H51: Kestrel | J51: כן | T51: במלאי | Z51: =IFERROR(INDEX(הגדרות!$B$2:$B$17,MATCH(H51,הגדרות!$A$2:$A$17,0)),"") -> מיוער | AA51: =IFERROR(INDEX(הגדרות!$C$2:$C$17,MATCH(H51,הגדרות!$A$2:$A$17,0)),"") -> 0 | AB51: =IFERROR(INDEX(הגדרות!$B$2:$B$17,MATCH(I51,הגדרות!$A$2:$A$17,0)),"") | AC51: =IFERROR(INDEX(הגדרות!$C$2:$C$17,MATCH(I51,הגדרות!$A$2:$A$17,0)),"") | AD51: =IF(AND(מלאי!D163<>"",OR(#REF!="הכל",מלאי!Z163=#REF!,מלאי!AA163=#REF!,מלאי!AB163=#REF!,מלאי!AC163=#REF!),OR(#REF!="הכל",מלאי!A163=#REF!),OR(#REF!="הכל",מלאי!B163=#REF!),OR(#REF!="הכל",מלאי!F163=#REF!,מלאי!G163=#REF!),OR(#REF!="הכל",מלאי!T163=#REF!),OR(#REF!="הכל",מלאי!Q163=#REF!),OR(#REF!="הכל",מלאי!J163=#REF!),OR(#REF!="הכל",מלאי!L163=#REF!),OR(#REF!="הכל",מלאי!O163=#REF!),OR(#REF!="הכל",מלאי!R163=#REF!),OR(#REF!="הכל",#REF!="",מלאי!W163=#REF!),OR(#REF!="הכל",#REF!="",ISNUMBER(SEARCH(#REF!,מלאי!C163)))),1,0) -> #REF! | AE51: =IF(AND(מלאי!D163<>"",OR(#REF!="הכל",מלאי!Z163=#REF!,מלאי!AA163=#REF!,מלאי!AB163=#REF!,מלאי!AC163=#REF!),OR(#REF!="הכל",מלאי!A163=#REF!),OR(#REF!="הכל",מלאי!B163=#REF!),OR(#REF!="הכל",מלאי!F163=#REF!,מלאי!G163=#REF!),OR(#REF!="הכל",מלאי!T163=#REF!),OR(#REF!="הכל",מלאי!Q163=#REF!),OR(#REF!="הכל",מלאי!J163=#REF!),OR(#REF!="הכל",מלאי!L163=#REF!),OR(#REF!="הכל",מלאי!O163=#REF!),OR(#REF!="הכל",מלאי!R163=#REF!),OR(#REF!="הכל",#REF!="",מלאי!W163=#REF!),OR(#REF!="הכל",#REF!="",ISNUMBER(SEARCH(#REF!,מלאי!C163))),OR(#REF!="הכל",מלאי!#REF!=#REF!)),1,0) -> #REF! | AF51: =IF(AD51=1,COUNTIF($AD$3:$AD51,1),"") -> #REF! | AG51: =IF(AE51=1,COUNTIF($AE$3:$AE51,1),"") -> #REF!
A52: Uniform | B52: Headcover | C52: ישראלי | D52: כיסוי ראש ישראלי 1 | E52: =IFERROR(INDEX(הגדרות!$I$2:$I$47,MATCH(B52,הגדרות!$H$2:$H$47,0)),"") -> 8030-00 | F52: Durable | H52: Kestrel | J52: כן | Q52: כן | T52: במלאי | Z52: =IFERROR(INDEX(הגדרות!$B$2:$B$17,MATCH(H52,הגדרות!$A$2:$A$17,0)),"") -> מיוער | AA52: =IFERROR(INDEX(הגדרות!$C$2:$C$17,MATCH(H52,הגדרות!$A$2:$A$17,0)),"") -> 0 | AB52: =IFERROR(INDEX(הגדרות!$B$2:$B$17,MATCH(I52,הגדרות!$A$2:$A$17,0)),"") | AC52: =IFERROR(INDEX(הגדרות!$C$2:$C$17,MATCH(I52,הגדרות!$A$2:$A$17,0)),"") | AD52: =IF(AND(מלאי!D166<>"",OR(#REF!="הכל",מלאי!Z166=#REF!,מלאי!AA166=#REF!,מלאי!AB166=#REF!,מלאי!AC166=#REF!),OR(#REF!="הכל",מלאי!A166=#REF!),OR(#REF!="הכל",מלאי!B166=#REF!),OR(#REF!="הכל",מלאי!F166=#REF!,מלאי!G166=#REF!),OR(#REF!="הכל",מלאי!T166=#REF!),OR(#REF!="הכל",מלאי!Q166=#REF!),OR(#REF!="הכל",מלאי!J166=#REF!),OR(#REF!="הכל",מלאי!L166=#REF!),OR(#REF!="הכל",מלאי!O166=#REF!),OR(#REF!="הכל",מלאי!R166=#REF!),OR(#REF!="הכל",#REF!="",מלאי!W166=#REF!),OR(#REF!="הכל",#REF!="",ISNUMBER(SEARCH(#REF!,מלאי!C166)))),1,0) -> #REF! | AE52: =IF(AND(מלאי!D166<>"",OR(#REF!="הכל",מלאי!Z166=#REF!,מלאי!AA166=#REF!,מלאי!AB166=#REF!,מלאי!AC166=#REF!),OR(#REF!="הכל",מלאי!A166=#REF!),OR(#REF!="הכל",מלאי!B166=#REF!),OR(#REF!="הכל",מלאי!F166=#REF!,מלאי!G166=#REF!),OR(#REF!="הכל",מלאי!T166=#REF!),OR(#REF!="הכל",מלאי!Q166=#REF!),OR(#REF!="הכל",מלאי!J166=#REF!),OR(#REF!="הכל",מלאי!L166=#REF!),OR(#REF!="הכל",מלאי!O166=#REF!),OR(#REF!="הכל",מלאי!R166=#REF!),OR(#REF!="הכל",#REF!="",מלאי!W166=#REF!),OR(#REF!="הכל",#REF!="",ISNUMBER(SEARCH(#REF!,מלאי!C166))),OR(#REF!="הכל",מלאי!#REF!=#REF!)),1,0) -> #REF! | AF52: =IF(AD52=1,COUNTIF($AD$3:$AD52,1),"") -> #REF! | AG52: =IF(AE52=1,COUNTIF($AE$3:$AE52,1),"") -> #REF!
A53: Uniform | B53: Headcover | C53: ישראלי | D53: כיסוי ראש ישראלי 2 | E53: =IFERROR(INDEX(הגדרות!$I$2:$I$47,MATCH(B53,הגדרות!$H$2:$H$47,0)),"") -> 8030-00 | F53: Durable | H53: Kestrel | J53: כן | Q53: כן | T53: במלאי | Z53: =IFERROR(INDEX(הגדרות!$B$2:$B$17,MATCH(H53,הגדרות!$A$2:$A$17,0)),"") -> מיוער | AA53: =IFERROR(INDEX(הגדרות!$C$2:$C$17,MATCH(H53,הגדרות!$A$2:$A$17,0)),"") -> 0 | AB53: =IFERROR(INDEX(הגדרות!$B$2:$B$17,MATCH(I53,הגדרות!$A$2:$A$17,0)),"") | AC53: =IFERROR(INDEX(הגדרות!$C$2:$C$17,MATCH(I53,הגדרות!$A$2:$A$17,0)),"") | AD53: =IF(AND(מלאי!D167<>"",OR(#REF!="הכל",מלאי!Z167=#REF!,מלאי!AA167=#REF!,מלאי!AB167=#REF!,מלאי!AC167=#REF!),OR(#REF!="הכל",מלאי!A167=#REF!),OR(#REF!="הכל",מלאי!B167=#REF!),OR(#REF!="הכל",מלאי!F167=#REF!,מלאי!G167=#REF!),OR(#REF!="הכל",מלאי!T167=#REF!),OR(#REF!="הכל",מלאי!Q167=#REF!),OR(#REF!="הכל",מלאי!J167=#REF!),OR(#REF!="הכל",מלאי!L167=#REF!),OR(#REF!="הכל",מלאי!O167=#REF!),OR(#REF!="הכל",מלאי!R167=#REF!),OR(#REF!="הכל",#REF!="",מלאי!W167=#REF!),OR(#REF!="הכל",#REF!="",ISNUMBER(SEARCH(#REF!,מלאי!C167)))),1,0) -> #REF! | AE53: =IF(AND(מלאי!D167<>"",OR(#REF!="הכל",מלאי!Z167=#REF!,מלאי!AA167=#REF!,מלאי!AB167=#REF!,מלאי!AC167=#REF!),OR(#REF!="הכל",מלאי!A167=#REF!),OR(#REF!="הכל",מלאי!B167=#REF!),OR(#REF!="הכל",מלאי!F167=#REF!,מלאי!G167=#REF!),OR(#REF!="הכל",מלאי!T167=#REF!),OR(#REF!="הכל",מלאי!Q167=#REF!),OR(#REF!="הכל",מלאי!J167=#REF!),OR(#REF!="הכל",מלאי!L167=#REF!),OR(#REF!="הכל",מלאי!O167=#REF!),OR(#REF!="הכל",מלאי!R167=#REF!),OR(#REF!="הכל",#REF!="",מלאי!W167=#REF!),OR(#REF!="הכל",#REF!="",ISNUMBER(SEARCH(#REF!,מלאי!C167))),OR(#REF!="הכל",מלאי!#REF!=#REF!)),1,0) -> #REF! | AF53: =IF(AD53=1,COUNTIF($AD$3:$AD53,1),"") -> #REF! | AG53: =IF(AE53=1,COUNTIF($AE$3:$AE53,1),"") -> #REF!
A54: Uniform | B54: Headcover | C54: ELITE | D54: UNI 021 | E54: =IFERROR(INDEX(הגדרות!$I$2:$I$47,MATCH(B54,הגדרות!$H$2:$H$47,0)),"") -> 8030-00 | F54: Durable | H54: Kestrel | J54: כן | T54: במלאי | Z54: =IFERROR(INDEX(הגדרות!$B$2:$B$17,MATCH(H54,הגדרות!$A$2:$A$17,0)),"") -> מיוער | AA54: =IFERROR(INDEX(הגדרות!$C$2:$C$17,MATCH(H54,הגדרות!$A$2:$A$17,0)),"") -> 0 | AB54: =IFERROR(INDEX(הגדרות!$B$2:$B$17,MATCH(I54,הגדרות!$A$2:$A$17,0)),"") | AC54: =IFERROR(INDEX(הגדרות!$C$2:$C$17,MATCH(I54,הגדרות!$A$2:$A$17,0)),"") | AD54: =IF(AND(מלאי!D168<>"",OR(#REF!="הכל",מלאי!Z168=#REF!,מלאי!AA168=#REF!,מלאי!AB168=#REF!,מלאי!AC168=#REF!),OR(#REF!="הכל",מלאי!A168=#REF!),OR(#REF!="הכל",מלאי!B168=#REF!),OR(#REF!="הכל",מלאי!F168=#REF!,מלאי!G168=#REF!),OR(#REF!="הכל",מלאי!T168=#REF!),OR(#REF!="הכל",מלאי!Q168=#REF!),OR(#REF!="הכל",מלאי!J168=#REF!),OR(#REF!="הכל",מלאי!L168=#REF!),OR(#REF!="הכל",מלאי!O168=#REF!),OR(#REF!="הכל",מלאי!R168=#REF!),OR(#REF!="הכל",#REF!="",מלאי!W168=#REF!),OR(#REF!="הכל",#REF!="",ISNUMBER(SEARCH(#REF!,מלאי!C168)))),1,0) -> #REF! | AE54: =IF(AND(מלאי!D168<>"",OR(#REF!="הכל",מלאי!Z168=#REF!,מלאי!AA168=#REF!,מלאי!AB168=#REF!,מלאי!AC168=#REF!),OR(#REF!="הכל",מלאי!A168=#REF!),OR(#REF!="הכל",מלאי!B168=#REF!),OR(#REF!="הכל",מלאי!F168=#REF!,מלאי!G168=#REF!),OR(#REF!="הכל",מלאי!T168=#REF!),OR(#REF!="הכל",מלאי!Q168=#REF!),OR(#REF!="הכל",מלאי!J168=#REF!),OR(#REF!="הכל",מלאי!L168=#REF!),OR(#REF!="הכל",מלאי!O168=#REF!),OR(#REF!="הכל",מלאי!R168=#REF!),OR(#REF!="הכל",#REF!="",מלאי!W168=#REF!),OR(#REF!="הכל",#REF!="",ISNUMBER(SEARCH(#REF!,מלאי!C168))),OR(#REF!="הכל",מלאי!#REF!=#REF!)),1,0) -> #REF! | AF54: =IF(AD54=1,COUNTIF($AD$3:$AD54,1),"") -> #REF! | AG54: =IF(AE54=1,COUNTIF($AE$3:$AE54,1),"") -> #REF!
A55: Uniform | B55: Headcover | C55: ELITE | D55: UNI 070 | E55: =IFERROR(INDEX(הגדרות!$I$2:$I$47,MATCH(B55,הגדרות!$H$2:$H$47,0)),"") -> 8030-00 | F55: Stretch | H55: Kestrel | J55: כן | T55: במלאי | Z55: =IFERROR(INDEX(הגדרות!$B$2:$B$17,MATCH(H55,הגדרות!$A$2:$A$17,0)),"") -> מיוער | AA55: =IFERROR(INDEX(הגדרות!$C$2:$C$17,MATCH(H55,הגדרות!$A$2:$A$17,0)),"") -> 0 | AB55: =IFERROR(INDEX(הגדרות!$B$2:$B$17,MATCH(I55,הגדרות!$A$2:$A$17,0)),"") | AC55: =IFERROR(INDEX(הגדרות!$C$2:$C$17,MATCH(I55,הגדרות!$A$2:$A$17,0)),"") | AD55: =IF(AND(מלאי!D172<>"",OR(#REF!="הכל",מלאי!Z172=#REF!,מלאי!AA172=#REF!,מלאי!AB172=#REF!,מלאי!AC172=#REF!),OR(#REF!="הכל",מלאי!A172=#REF!),OR(#REF!="הכל",מלאי!B172=#REF!),OR(#REF!="הכל",מלאי!F172=#REF!,מלאי!G172=#REF!),OR(#REF!="הכל",מלאי!T172=#REF!),OR(#REF!="הכל",מלאי!Q172=#REF!),OR(#REF!="הכל",מלאי!J172=#REF!),OR(#REF!="הכל",מלאי!L172=#REF!),OR(#REF!="הכל",מלאי!O172=#REF!),OR(#REF!="הכל",מלאי!R172=#REF!),OR(#REF!="הכל",#REF!="",מלאי!W172=#REF!),OR(#REF!="הכל",#REF!="",ISNUMBER(SEARCH(#REF!,מלאי!C172)))),1,0) -> #REF! | AE55: =IF(AND(מלאי!D172<>"",OR(#REF!="הכל",מלאי!Z172=#REF!,מלאי!AA172=#REF!,מלאי!AB172=#REF!,מלאי!AC172=#REF!),OR(#REF!="הכל",מלאי!A172=#REF!),OR(#REF!="הכל",מלאי!B172=#REF!),OR(#REF!="הכל",מלאי!F172=#REF!,מלאי!G172=#REF!),OR(#REF!="הכל",מלאי!T172=#REF!),OR(#REF!="הכל",מלאי!Q172=#REF!),OR(#REF!="הכל",מלאי!J172=#REF!),OR(#REF!="הכל",מלאי!L172=#REF!),OR(#REF!="הכל",מלאי!O172=#REF!),OR(#REF!="הכל",מלאי!R172=#REF!),OR(#REF!="הכל",#REF!="",מלאי!W172=#REF!),OR(#REF!="הכל",#REF!="",ISNUMBER(SEARCH(#REF!,מלאי!C172))),OR(#REF!="הכל",מלאי!#REF!=#REF!)),1,0) -> #REF! | AF55: =IF(AD55=1,COUNTIF($AD$3:$AD55,1),"") -> #REF! | AG55: =IF(AE55=1,COUNTIF($AE$3:$AE55,1),"") -> #REF!
A56: Uniform | B56: Headcover | D56: UNI 060 | E56: =IFERROR(INDEX(הגדרות!$I$2:$I$47,MATCH(B56,הגדרות!$H$2:$H$47,0)),"") -> 8030-00 | F56: Stretch | H56: Kestrel | J56: כן | O56: לא | P56: בלי פתקית, לא ידוע אם תקין | T56: במלאי | Z56: =IFERROR(INDEX(הגדרות!$B$2:$B$17,MATCH(H56,הגדרות!$A$2:$A$17,0)),"") -> מיוער | AA56: =IFERROR(INDEX(הגדרות!$C$2:$C$17,MATCH(H56,הגדרות!$A$2:$A$17,0)),"") -> 0 | AB56: =IFERROR(INDEX(הגדרות!$B$2:$B$17,MATCH(I56,הגדרות!$A$2:$A$17,0)),"") | AC56: =IFERROR(INDEX(הגדרות!$C$2:$C$17,MATCH(I56,הגדרות!$A$2:$A$17,0)),"") | AD56: =IF(AND(מלאי!D173<>"",OR(#REF!="הכל",מלאי!Z173=#REF!,מלאי!AA173=#REF!,מלאי!AB173=#REF!,מלאי!AC173=#REF!),OR(#REF!="הכל",מלאי!A173=#REF!),OR(#REF!="הכל",מלאי!B173=#REF!),OR(#REF!="הכל",מלאי!F173=#REF!,מלאי!G173=#REF!),OR(#REF!="הכל",מלאי!T173=#REF!),OR(#REF!="הכל",מלאי!Q173=#REF!),OR(#REF!="הכל",מלאי!J173=#REF!),OR(#REF!="הכל",מלאי!L173=#REF!),OR(#REF!="הכל",מלאי!O173=#REF!),OR(#REF!="הכל",מלאי!R173=#REF!),OR(#REF!="הכל",#REF!="",מלאי!W173=#REF!),OR(#REF!="הכל",#REF!="",ISNUMBER(SEARCH(#REF!,מלאי!C173)))),1,0) -> #REF! | AE56: =IF(AND(מלאי!D173<>"",OR(#REF!="הכל",מלאי!Z173=#REF!,מלאי!AA173=#REF!,מלאי!AB173=#REF!,מלאי!AC173=#REF!),OR(#REF!="הכל",מלאי!A173=#REF!),OR(#REF!="הכל",מלאי!B173=#REF!),OR(#REF!="הכל",מלאי!F173=#REF!,מלאי!G173=#REF!),OR(#REF!="הכל",מלאי!T173=#REF!),OR(#REF!="הכל",מלאי!Q173=#REF!),OR(#REF!="הכל",מלאי!J173=#REF!),OR(#REF!="הכל",מלאי!L173=#REF!),OR(#REF!="הכל",מלאי!O173=#REF!),OR(#REF!="הכל",מלאי!R173=#REF!),OR(#REF!="הכל",#REF!="",מלאי!W173=#REF!),OR(#REF!="הכל",#REF!="",ISNUMBER(SEARCH(#REF!,מלאי!C173))),OR(#REF!="הכל",מלאי!#REF!=#REF!)),1,0) -> #REF! | AF56: =IF(AD56=1,COUNTIF($AD$3:$AD56,1),"") -> #REF! | AG56: =IF(AE56=1,COUNTIF($AE$3:$AE56,1),"") -> #REF!
A57: Uniform | B57: Headcover | C57: ELITE | D57: UNI 024 | E57: =IFERROR(INDEX(הגדרות!$I$2:$I$47,MATCH(B57,הגדרות!$H$2:$H$47,0)),"") -> 8030-00 | F57: Stretch | H57: Fresh Snow | J57: כן | T57: במלאי | Z57: =IFERROR(INDEX(הגדרות!$B$2:$B$17,MATCH(H57,הגדרות!$A$2:$A$17,0)),"") -> שלג | AA57: =IFERROR(INDEX(הגדרות!$C$2:$C$17,MATCH(H57,הגדרות!$A$2:$A$17,0)),"") -> 0 | AB57: =IFERROR(INDEX(הגדרות!$B$2:$B$17,MATCH(I57,הגדרות!$A$2:$A$17,0)),"") | AC57: =IFERROR(INDEX(הגדרות!$C$2:$C$17,MATCH(I57,הגדרות!$A$2:$A$17,0)),"") | AD57: =IF(AND(מלאי!D186<>"",OR(#REF!="הכל",מלאי!Z186=#REF!,מלאי!AA186=#REF!,מלאי!AB186=#REF!,מלאי!AC186=#REF!),OR(#REF!="הכל",מלאי!A186=#REF!),OR(#REF!="הכל",מלאי!B186=#REF!),OR(#REF!="הכל",מלאי!F186=#REF!,מלאי!G186=#REF!),OR(#REF!="הכל",מלאי!T186=#REF!),OR(#REF!="הכל",מלאי!Q186=#REF!),OR(#REF!="הכל",מלאי!J186=#REF!),OR(#REF!="הכל",מלאי!L186=#REF!),OR(#REF!="הכל",מלאי!O186=#REF!),OR(#REF!="הכל",מלאי!R186=#REF!),OR(#REF!="הכל",#REF!="",מלאי!W186=#REF!),OR(#REF!="הכל",#REF!="",ISNUMBER(SEARCH(#REF!,מלאי!C186)))),1,0) -> #REF! | AE57: =IF(AND(מלאי!D186<>"",OR(#REF!="הכל",מלאי!Z186=#REF!,מלאי!AA186=#REF!,מלאי!AB186=#REF!,מלאי!AC186=#REF!),OR(#REF!="הכל",מלאי!A186=#REF!),OR(#REF!="הכל",מלאי!B186=#REF!),OR(#REF!="הכל",מלאי!F186=#REF!,מלאי!G186=#REF!),OR(#REF!="הכל",מלאי!T186=#REF!),OR(#REF!="הכל",מלאי!Q186=#REF!),OR(#REF!="הכל",מלאי!J186=#REF!),OR(#REF!="הכל",מלאי!L186=#REF!),OR(#REF!="הכל",מלאי!O186=#REF!),OR(#REF!="הכל",מלאי!R186=#REF!),OR(#REF!="הכל",#REF!="",מלאי!W186=#REF!),OR(#REF!="הכל",#REF!="",ISNUMBER(SEARCH(#REF!,מלאי!C186))),OR(#REF!="הכל",מלאי!#REF!=#REF!)),1,0) -> #REF! | AF57: =IF(AD57=1,COUNTIF($AD$3:$AD57,1),"") -> #REF! | AG57: =IF(AE57=1,COUNTIF($AE$3:$AE57,1),"") -> #REF!
A58: Uniform | B58: Headcover | C58: ELITE | D58: UNI 023 | E58: =IFERROR(INDEX(הגדרות!$I$2:$I$47,MATCH(B58,הגדרות!$H$2:$H$47,0)),"") -> 8030-00 | F58: Stretch | H58: Kestrel | J58: כן | T58: במלאי | Z58: =IFERROR(INDEX(הגדרות!$B$2:$B$17,MATCH(H58,הגדרות!$A$2:$A$17,0)),"") -> מיוער | AA58: =IFERROR(INDEX(הגדרות!$C$2:$C$17,MATCH(H58,הגדרות!$A$2:$A$17,0)),"") -> 0 | AB58: =IFERROR(INDEX(הגדרות!$B$2:$B$17,MATCH(I58,הגדרות!$A$2:$A$17,0)),"") | AC58: =IFERROR(INDEX(הגדרות!$C$2:$C$17,MATCH(I58,הגדרות!$A$2:$A$17,0)),"") | AD58: =IF(AND(מלאי!D187<>"",OR(#REF!="הכל",מלאי!Z187=#REF!,מלאי!AA187=#REF!,מלאי!AB187=#REF!,מלאי!AC187=#REF!),OR(#REF!="הכל",מלאי!A187=#REF!),OR(#REF!="הכל",מלאי!B187=#REF!),OR(#REF!="הכל",מלאי!F187=#REF!,מלאי!G187=#REF!),OR(#REF!="הכל",מלאי!T187=#REF!),OR(#REF!="הכל",מלאי!Q187=#REF!),OR(#REF!="הכל",מלאי!J187=#REF!),OR(#REF!="הכל",מלאי!L187=#REF!),OR(#REF!="הכל",מלאי!O187=#REF!),OR(#REF!="הכל",מלאי!R187=#REF!),OR(#REF!="הכל",#REF!="",מלאי!W187=#REF!),OR(#REF!="הכל",#REF!="",ISNUMBER(SEARCH(#REF!,מלאי!C187)))),1,0) -> #REF! | AE58: =IF(AND(מלאי!D187<>"",OR(#REF!="הכל",מלאי!Z187=#REF!,מלאי!AA187=#REF!,מלאי!AB187=#REF!,מלאי!AC187=#REF!),OR(#REF!="הכל",מלאי!A187=#REF!),OR(#REF!="הכל",מלאי!B187=#REF!),OR(#REF!="הכל",מלאי!F187=#REF!,מלאי!G187=#REF!),OR(#REF!="הכל",מלאי!T187=#REF!),OR(#REF!="הכל",מלאי!Q187=#REF!),OR(#REF!="הכל",מלאי!J187=#REF!),OR(#REF!="הכל",מלאי!L187=#REF!),OR(#REF!="הכל",מלאי!O187=#REF!),OR(#REF!="הכל",מלאי!R187=#REF!),OR(#REF!="הכל",#REF!="",מלאי!W187=#REF!),OR(#REF!="הכל",#REF!="",ISNUMBER(SEARCH(#REF!,מלאי!C187))),OR(#REF!="הכל",מלאי!#REF!=#REF!)),1,0) -> #REF! | AF58: =IF(AD58=1,COUNTIF($AD$3:$AD58,1),"") -> #REF! | AG58: =IF(AE58=1,COUNTIF($AE$3:$AE58,1),"") -> #REF!
A59: OverGarment | B59: Hobey Elite | C59: V1 | D59: RIPSTOP Hobey 1 | E59: =IFERROR(INDEX(הגדרות!$I$2:$I$47,MATCH(B59,הגדרות!$H$2:$H$47,0)),"") -> 7021-00 | F59: RIPSTOP | H59: Marine | J59: כן | L59: כן | O59: כן | Q59: לא | S59: לא | T59: במלאי | Z59: =IFERROR(INDEX(הגדרות!$B$2:$B$17,MATCH(H59,הגדרות!$A$2:$A$17,0)),"") -> ימי | AA59: =IFERROR(INDEX(הגדרות!$C$2:$C$17,MATCH(H59,הגדרות!$A$2:$A$17,0)),"") -> 0 | AB59: =IFERROR(INDEX(הגדרות!$B$2:$B$17,MATCH(I59,הגדרות!$A$2:$A$17,0)),"") | AC59: =IFERROR(INDEX(הגדרות!$C$2:$C$17,MATCH(I59,הגדרות!$A$2:$A$17,0)),"") | AD59: =IF(AND(מלאי!D46<>"",OR(#REF!="הכל",מלאי!Z46=#REF!,מלאי!AA46=#REF!,מלאי!AB46=#REF!,מלאי!AC46=#REF!),OR(#REF!="הכל",מלאי!A46=#REF!),OR(#REF!="הכל",מלאי!B46=#REF!),OR(#REF!="הכל",מלאי!F46=#REF!,מלאי!G46=#REF!),OR(#REF!="הכל",מלאי!T46=#REF!),OR(#REF!="הכל",מלאי!Q46=#REF!),OR(#REF!="הכל",מלאי!J46=#REF!),OR(#REF!="הכל",מלאי!L46=#REF!),OR(#REF!="הכל",מלאי!O46=#REF!),OR(#REF!="הכל",מלאי!R46=#REF!),OR(#REF!="הכל",#REF!="",מלאי!W46=#REF!),OR(#REF!="הכל",#REF!="",ISNUMBER(SEARCH(#REF!,מלאי!C46)))),1,0) -> #REF! | AE59: =IF(AND(מלאי!D46<>"",OR(#REF!="הכל",מלאי!Z46=#REF!,מלאי!AA46=#REF!,מלאי!AB46=#REF!,מלאי!AC46=#REF!),OR(#REF!="הכל",מלאי!A46=#REF!),OR(#REF!="הכל",מלאי!B46=#REF!),OR(#REF!="הכל",מלאי!F46=#REF!,מלאי!G46=#REF!),OR(#REF!="הכל",מלאי!T46=#REF!),OR(#REF!="הכל",מלאי!Q46=#REF!),OR(#REF!="הכל",מלאי!J46=#REF!),OR(#REF!="הכל",מלאי!L46=#REF!),OR(#REF!="הכל",מלאי!O46=#REF!),OR(#REF!="הכל",מלאי!R46=#REF!),OR(#REF!="הכל",#REF!="",מלאי!W46=#REF!),OR(#REF!="הכל",#REF!="",ISNUMBER(SEARCH(#REF!,מלאי!C46))),OR(#REF!="הכל",מלאי!#REF!=#REF!)),1,0) -> #REF! | AF59: =IF(AD59=1,COUNTIF($AD$3:$AD59,1),"") -> #REF! | AG59: =IF(AE59=1,COUNTIF($AE$3:$AE59,1),"") -> #REF!
A60: OverGarment | B60: Hobey Elite | C60: V1 | D60: Hobey 2 | E60: =IFERROR(INDEX(הגדרות!$I$2:$I$47,MATCH(B60,הגדרות!$H$2:$H$47,0)),"") -> 7021-00 | F60: Mesh | H60: Woodland | J60: כן | L60: כן | O60: כן | Q60: לא | S60: לא | T60: במלאי | Z60: =IFERROR(INDEX(הגדרות!$B$2:$B$17,MATCH(H60,הגדרות!$A$2:$A$17,0)),"") -> מיוער | AA60: =IFERROR(INDEX(הגדרות!$C$2:$C$17,MATCH(H60,הגדרות!$A$2:$A$17,0)),"") -> 0 | AB60: =IFERROR(INDEX(הגדרות!$B$2:$B$17,MATCH(I60,הגדרות!$A$2:$A$17,0)),"") | AC60: =IFERROR(INDEX(הגדרות!$C$2:$C$17,MATCH(I60,הגדרות!$A$2:$A$17,0)),"") | AD60: =IF(AND(מלאי!D47<>"",OR(#REF!="הכל",מלאי!Z47=#REF!,מלאי!AA47=#REF!,מלאי!AB47=#REF!,מלאי!AC47=#REF!),OR(#REF!="הכל",מלאי!A47=#REF!),OR(#REF!="הכל",מלאי!B47=#REF!),OR(#REF!="הכל",מלאי!F47=#REF!,מלאי!G47=#REF!),OR(#REF!="הכל",מלאי!T47=#REF!),OR(#REF!="הכל",מלאי!Q47=#REF!),OR(#REF!="הכל",מלאי!J47=#REF!),OR(#REF!="הכל",מלאי!L47=#REF!),OR(#REF!="הכל",מלאי!O47=#REF!),OR(#REF!="הכל",מלאי!R47=#REF!),OR(#REF!="הכל",#REF!="",מלאי!W47=#REF!),OR(#REF!="הכל",#REF!="",ISNUMBER(SEARCH(#REF!,מלאי!C47)))),1,0) -> #REF! | AE60: =IF(AND(מלאי!D47<>"",OR(#REF!="הכל",מלאי!Z47=#REF!,מלאי!AA47=#REF!,מלאי!AB47=#REF!,מלאי!AC47=#REF!),OR(#REF!="הכל",מלאי!A47=#REF!),OR(#REF!="הכל",מלאי!B47=#REF!),OR(#REF!="הכל",מלאי!F47=#REF!,מלאי!G47=#REF!),OR(#REF!="הכל",מלאי!T47=#REF!),OR(#REF!="הכל",מלאי!Q47=#REF!),OR(#REF!="הכל",מלאי!J47=#REF!),OR(#REF!="הכל",מלאי!L47=#REF!),OR(#REF!="הכל",מלאי!O47=#REF!),OR(#REF!="הכל",מלאי!R47=#REF!),OR(#REF!="הכל",#REF!="",מלאי!W47=#REF!),OR(#REF!="הכל",#REF!="",ISNUMBER(SEARCH(#REF!,מלאי!C47))),OR(#REF!="הכל",מלאי!#REF!=#REF!)),1,0) -> #REF! | AF60: =IF(AD60=1,COUNTIF($AD$3:$AD60,1),"") -> #REF! | AG60: =IF(AE60=1,COUNTIF($AE$3:$AE60,1),"") -> #REF!
A61: OverGarment | B61: Hobey Elite | C61: V1 | D61: Hobey 3 | E61: =IFERROR(INDEX(הגדרות!$I$2:$I$47,MATCH(B61,הגדרות!$H$2:$H$47,0)),"") -> 7021-00 | F61: Mesh | H61: Marine | J61: כן | L61: כן | O61: כן | Q61: לא | S61: לא | T61: במלאי | Z61: =IFERROR(INDEX(הגדרות!$B$2:$B$17,MATCH(H61,הגדרות!$A$2:$A$17,0)),"") -> ימי | AA61: =IFERROR(INDEX(הגדרות!$C$2:$C$17,MATCH(H61,הגדרות!$A$2:$A$17,0)),"") -> 0 | AB61: =IFERROR(INDEX(הגדרות!$B$2:$B$17,MATCH(I61,הגדרות!$A$2:$A$17,0)),"") | AC61: =IFERROR(INDEX(הגדרות!$C$2:$C$17,MATCH(I61,הגדרות!$A$2:$A$17,0)),"") | AD61: =IF(AND(מלאי!D48<>"",OR(#REF!="הכל",מלאי!Z48=#REF!,מלאי!AA48=#REF!,מלאי!AB48=#REF!,מלאי!AC48=#REF!),OR(#REF!="הכל",מלאי!A48=#REF!),OR(#REF!="הכל",מלאי!B48=#REF!),OR(#REF!="הכל",מלאי!F48=#REF!,מלאי!G48=#REF!),OR(#REF!="הכל",מלאי!T48=#REF!),OR(#REF!="הכל",מלאי!Q48=#REF!),OR(#REF!="הכל",מלאי!J48=#REF!),OR(#REF!="הכל",מלאי!L48=#REF!),OR(#REF!="הכל",מלאי!O48=#REF!),OR(#REF!="הכל",מלאי!R48=#REF!),OR(#REF!="הכל",#REF!="",מלאי!W48=#REF!),OR(#REF!="הכל",#REF!="",ISNUMBER(SEARCH(#REF!,מלאי!C48)))),1,0) -> #REF! | AE61: =IF(AND(מלאי!D48<>"",OR(#REF!="הכל",מלאי!Z48=#REF!,מלאי!AA48=#REF!,מלאי!AB48=#REF!,מלאי!AC48=#REF!),OR(#REF!="הכל",מלאי!A48=#REF!),OR(#REF!="הכל",מלאי!B48=#REF!),OR(#REF!="הכל",מלאי!F48=#REF!,מלאי!G48=#REF!),OR(#REF!="הכל",מלאי!T48=#REF!),OR(#REF!="הכל",מלאי!Q48=#REF!),OR(#REF!="הכל",מלאי!J48=#REF!),OR(#REF!="הכל",מלאי!L48=#REF!),OR(#REF!="הכל",מלאי!O48=#REF!),OR(#REF!="הכל",מלאי!R48=#REF!),OR(#REF!="הכל",#REF!="",מלאי!W48=#REF!),OR(#REF!="הכל",#REF!="",ISNUMBER(SEARCH(#REF!,מלאי!C48))),OR(#REF!="הכל",מלאי!#REF!=#REF!)),1,0) -> #REF! | AF61: =IF(AD61=1,COUNTIF($AD$3:$AD61,1),"") -> #REF! | AG61: =IF(AE61=1,COUNTIF($AE$3:$AE61,1),"") -> #REF!
A62: OverGarment | B62: Hobey Elite | C62: V1 | D62: הובי תצוגה 1 | E62: =IFERROR(INDEX(הגדרות!$I$2:$I$47,MATCH(B62,הגדרות!$H$2:$H$47,0)),"") -> 7021-00 | F62: Mesh | H62: Kestrel | J62: כן | L62: כן | O62: כן | Q62: לא | S62: לא | T62: בחדר תצוגה | Z62: =IFERROR(INDEX(הגדרות!$B$2:$B$17,MATCH(H62,הגדרות!$A$2:$A$17,0)),"") -> מיוער | AA62: =IFERROR(INDEX(הגדרות!$C$2:$C$17,MATCH(H62,הגדרות!$A$2:$A$17,0)),"") -> 0 | AB62: =IFERROR(INDEX(הגדרות!$B$2:$B$17,MATCH(I62,הגדרות!$A$2:$A$17,0)),"") | AC62: =IFERROR(INDEX(הגדרות!$C$2:$C$17,MATCH(I62,הגדרות!$A$2:$A$17,0)),"") | AD62: =IF(AND(מלאי!D49<>"",OR(#REF!="הכל",מלאי!Z49=#REF!,מלאי!AA49=#REF!,מלאי!AB49=#REF!,מלאי!AC49=#REF!),OR(#REF!="הכל",מלאי!A49=#REF!),OR(#REF!="הכל",מלאי!B49=#REF!),OR(#REF!="הכל",מלאי!F49=#REF!,מלאי!G49=#REF!),OR(#REF!="הכל",מלאי!T49=#REF!),OR(#REF!="הכל",מלאי!Q49=#REF!),OR(#REF!="הכל",מלאי!J49=#REF!),OR(#REF!="הכל",מלאי!L49=#REF!),OR(#REF!="הכל",מלאי!O49=#REF!),OR(#REF!="הכל",מלאי!R49=#REF!),OR(#REF!="הכל",#REF!="",מלאי!W49=#REF!),OR(#REF!="הכל",#REF!="",ISNUMBER(SEARCH(#REF!,מלאי!C49)))),1,0) -> #REF! | AE62: =IF(AND(מלאי!D49<>"",OR(#REF!="הכל",מלאי!Z49=#REF!,מלאי!AA49=#REF!,מלאי!AB49=#REF!,מלאי!AC49=#REF!),OR(#REF!="הכל",מלאי!A49=#REF!),OR(#REF!="הכל",מלאי!B49=#REF!),OR(#REF!="הכל",מלאי!F49=#REF!,מלאי!G49=#REF!),OR(#REF!="הכל",מלאי!T49=#REF!),OR(#REF!="הכל",מלאי!Q49=#REF!),OR(#REF!="הכל",מלאי!J49=#REF!),OR(#REF!="הכל",מלאי!L49=#REF!),OR(#REF!="הכל",מלאי!O49=#REF!),OR(#REF!="הכל",מלאי!R49=#REF!),OR(#REF!="הכל",#REF!="",מלאי!W49=#REF!),OR(#REF!="הכל",#REF!="",ISNUMBER(SEARCH(#REF!,מלאי!C49))),OR(#REF!="הכל",מלאי!#REF!=#REF!)),1,0) -> #REF! | AF62: =IF(AD62=1,COUNTIF($AD$3:$AD62,1),"") -> #REF! | AG62: =IF(AE62=1,COUNTIF($AE$3:$AE62,1),"") -> #REF!
A63: OverGarment | B63: Hobey Elite | C63: V1 | D63: Hobey Arc 4 | E63: =IFERROR(INDEX(הגדרות!$I$2:$I$47,MATCH(B63,הגדרות!$H$2:$H$47,0)),"") -> 7021-00 | F63: Mesh | H63: Snirt Snow | J63: כן | K63: כן | L63: כן | M63: כן | N63: כן | Q63: לא | S63: לא | T63: במלאי | Z63: =IFERROR(INDEX(הגדרות!$B$2:$B$17,MATCH(H63,הגדרות!$A$2:$A$17,0)),"") -> שלג | AA63: =IFERROR(INDEX(הגדרות!$C$2:$C$17,MATCH(H63,הגדרות!$A$2:$A$17,0)),"") -> 0 | AB63: =IFERROR(INDEX(הגדרות!$B$2:$B$17,MATCH(I63,הגדרות!$A$2:$A$17,0)),"") | AC63: =IFERROR(INDEX(הגדרות!$C$2:$C$17,MATCH(I63,הגדרות!$A$2:$A$17,0)),"") | AD63: =IF(AND(מלאי!D117<>"",OR(#REF!="הכל",מלאי!Z117=#REF!,מלאי!AA117=#REF!,מלאי!AB117=#REF!,מלאי!AC117=#REF!),OR(#REF!="הכל",מלאי!A117=#REF!),OR(#REF!="הכל",מלאי!B117=#REF!),OR(#REF!="הכל",מלאי!F117=#REF!,מלאי!G117=#REF!),OR(#REF!="הכל",מלאי!T117=#REF!),OR(#REF!="הכל",מלאי!Q117=#REF!),OR(#REF!="הכל",מלאי!J118=#REF!),OR(#REF!="הכל",מלאי!L118=#REF!),OR(#REF!="הכל",מלאי!O117=#REF!),OR(#REF!="הכל",מלאי!R117=#REF!),OR(#REF!="הכל",#REF!="",מלאי!W117=#REF!),OR(#REF!="הכל",#REF!="",ISNUMBER(SEARCH(#REF!,מלאי!C117)))),1,0) -> #REF! | AE63: =IF(AND(מלאי!D117<>"",OR(#REF!="הכל",מלאי!Z117=#REF!,מלאי!AA117=#REF!,מלאי!AB117=#REF!,מלאי!AC117=#REF!),OR(#REF!="הכל",מלאי!A117=#REF!),OR(#REF!="הכל",מלאי!B117=#REF!),OR(#REF!="הכל",מלאי!F117=#REF!,מלאי!G117=#REF!),OR(#REF!="הכל",מלאי!T117=#REF!),OR(#REF!="הכל",מלאי!Q117=#REF!),OR(#REF!="הכל",מלאי!J118=#REF!),OR(#REF!="הכל",מלאי!L118=#REF!),OR(#REF!="הכל",מלאי!O117=#REF!),OR(#REF!="הכל",מלאי!R117=#REF!),OR(#REF!="הכל",#REF!="",מלאי!W117=#REF!),OR(#REF!="הכל",#REF!="",ISNUMBER(SEARCH(#REF!,מלאי!C117))),OR(#REF!="הכל",מלאי!#REF!=#REF!)),1,0) -> #REF! | AF63: =IF(AD63=1,COUNTIF($AD$3:$AD63,1),"") -> #REF! | AG63: =IF(AE63=1,COUNTIF($AE$3:$AE63,1),"") -> #REF!
A64: Accessories | B64: HS Floor | D64: Floor 1 | E64: =IFERROR(INDEX(הגדרות!$I$2:$I$47,MATCH(B64,הגדרות!$H$2:$H$47,0)),"") | F64: Durable | H64: Fresh Snow | I64: Fresh Snow | J64: כן | K64: כן | L64: כן | M64: כן | N64: כן | T64: במלאי | Z64: =IFERROR(INDEX(הגדרות!$B$2:$B$17,MATCH(H64,הגדרות!$A$2:$A$17,0)),"") -> שלג | AA64: =IFERROR(INDEX(הגדרות!$C$2:$C$17,MATCH(H64,הגדרות!$A$2:$A$17,0)),"") -> 0 | AB64: =IFERROR(INDEX(הגדרות!$B$2:$B$17,MATCH(I64,הגדרות!$A$2:$A$17,0)),"") -> שלג | AC64: =IFERROR(INDEX(הגדרות!$C$2:$C$17,MATCH(I64,הגדרות!$A$2:$A$17,0)),"") -> 0 | AD64: =IF(AND(מלאי!D114<>"",OR(#REF!="הכל",מלאי!Z114=#REF!,מלאי!AA114=#REF!,מלאי!AB114=#REF!,מלאי!AC114=#REF!),OR(#REF!="הכל",מלאי!A114=#REF!),OR(#REF!="הכל",מלאי!B114=#REF!),OR(#REF!="הכל",מלאי!F114=#REF!,מלאי!G114=#REF!),OR(#REF!="הכל",מלאי!T114=#REF!),OR(#REF!="הכל",מלאי!Q114=#REF!),OR(#REF!="הכל",מלאי!J114=#REF!),OR(#REF!="הכל",מלאי!L114=#REF!),OR(#REF!="הכל",מלאי!O114=#REF!),OR(#REF!="הכל",מלאי!R114=#REF!),OR(#REF!="הכל",#REF!="",מלאי!W114=#REF!),OR(#REF!="הכל",#REF!="",ISNUMBER(SEARCH(#REF!,מלאי!C114)))),1,0) -> #REF! | AE64: =IF(AND(מלאי!D114<>"",OR(#REF!="הכל",מלאי!Z114=#REF!,מלאי!AA114=#REF!,מלאי!AB114=#REF!,מלאי!AC114=#REF!),OR(#REF!="הכל",מלאי!A114=#REF!),OR(#REF!="הכל",מלאי!B114=#REF!),OR(#REF!="הכל",מלאי!F114=#REF!,מלאי!G114=#REF!),OR(#REF!="הכל",מלאי!T114=#REF!),OR(#REF!="הכל",מלאי!Q114=#REF!),OR(#REF!="הכל",מלאי!J114=#REF!),OR(#REF!="הכל",מלאי!L114=#REF!),OR(#REF!="הכל",מלאי!O114=#REF!),OR(#REF!="הכל",מלאי!R114=#REF!),OR(#REF!="הכל",#REF!="",מלאי!W114=#REF!),OR(#REF!="הכל",#REF!="",ISNUMBER(SEARCH(#REF!,מלאי!C114))),OR(#REF!="הכל",מלאי!#REF!=#REF!)),1,0) -> #REF! | AF64: =IF(AD64=1,COUNTIF($AD$3:$AD64,1),"") -> #REF! | AG64: =IF(AE64=1,COUNTIF($AE$3:$AE64,1),"") -> #REF!
A65: Accessories | B65: HS Floor | D65: Floor 2 | E65: =IFERROR(INDEX(הגדרות!$I$2:$I$47,MATCH(B65,הגדרות!$H$2:$H$47,0)),"") | F65: Durable | H65: Fresh Snow | I65: Forest Green | J65: כן | K65: כן | L65: כן | M65: כן | N65: לא | P65: מידה קטנה | T65: במלאי | Z65: =IFERROR(INDEX(הגדרות!$B$2:$B$17,MATCH(H65,הגדרות!$A$2:$A$17,0)),"") -> שלג | AA65: =IFERROR(INDEX(הגדרות!$C$2:$C$17,MATCH(H65,הגדרות!$A$2:$A$17,0)),"") -> 0 | AB65: =IFERROR(INDEX(הגדרות!$B$2:$B$17,MATCH(I65,הגדרות!$A$2:$A$17,0)),"") -> מיוער | AC65: =IFERROR(INDEX(הגדרות!$C$2:$C$17,MATCH(I65,הגדרות!$A$2:$A$17,0)),"") -> 0 | AD65: =IF(AND(מלאי!D115<>"",OR(#REF!="הכל",מלאי!Z115=#REF!,מלאי!AA115=#REF!,מלאי!AB115=#REF!,מלאי!AC115=#REF!),OR(#REF!="הכל",מלאי!A115=#REF!),OR(#REF!="הכל",מלאי!B115=#REF!),OR(#REF!="הכל",מלאי!F115=#REF!,מלאי!G115=#REF!),OR(#REF!="הכל",מלאי!T115=#REF!),OR(#REF!="הכל",מלאי!Q115=#REF!),OR(#REF!="הכל",מלאי!J115=#REF!),OR(#REF!="הכל",מלאי!L115=#REF!),OR(#REF!="הכל",מלאי!O115=#REF!),OR(#REF!="הכל",מלאי!R115=#REF!),OR(#REF!="הכל",#REF!="",מלאי!W115=#REF!),OR(#REF!="הכל",#REF!="",ISNUMBER(SEARCH(#REF!,מלאי!C115)))),1,0) -> #REF! | AE65: =IF(AND(מלאי!D115<>"",OR(#REF!="הכל",מלאי!Z115=#REF!,מלאי!AA115=#REF!,מלאי!AB115=#REF!,מלאי!AC115=#REF!),OR(#REF!="הכל",מלאי!A115=#REF!),OR(#REF!="הכל",מלאי!B115=#REF!),OR(#REF!="הכל",מלאי!F115=#REF!,מלאי!G115=#REF!),OR(#REF!="הכל",מלאי!T115=#REF!),OR(#REF!="הכל",מלאי!Q115=#REF!),OR(#REF!="הכל",מלאי!J115=#REF!),OR(#REF!="הכל",מלאי!L115=#REF!),OR(#REF!="הכל",מלאי!O115=#REF!),OR(#REF!="הכל",מלאי!R115=#REF!),OR(#REF!="הכל",#REF!="",מלאי!W115=#REF!),OR(#REF!="הכל",#REF!="",ISNUMBER(SEARCH(#REF!,מלאי!C115))),OR(#REF!="הכל",מלאי!#REF!=#REF!)),1,0) -> #REF! | AF65: =IF(AD65=1,COUNTIF($AD$3:$AD65,1),"") -> #REF! | AG65: =IF(AE65=1,COUNTIF($AE$3:$AE65,1),"") -> #REF!
A66: Platform Hide Site | B66: LC79 | C66: V1 | D66: LC - 1 AMERICAN | E66: =IFERROR(INDEX(הגדרות!$I$2:$I$47,MATCH(B66,הגדרות!$H$2:$H$47,0)),"") -> 9026-00 | F66: רשת רכב | H66: Desert | I66: Desert-Green | J66: כן | K66: כן | N66: כן | O66: כן | P66: נתפר בארה"ב | T66: במלאי | Z66: =IFERROR(INDEX(הגדרות!$B$2:$B$17,MATCH(H66,הגדרות!$A$2:$A$17,0)),"") -> מדברי | AA66: =IFERROR(INDEX(הגדרות!$C$2:$C$17,MATCH(H66,הגדרות!$A$2:$A$17,0)),"") -> 0 | AB66: =IFERROR(INDEX(הגדרות!$B$2:$B$17,MATCH(I66,הגדרות!$A$2:$A$17,0)),"") -> מדברי | AC66: =IFERROR(INDEX(הגדרות!$C$2:$C$17,MATCH(I66,הגדרות!$A$2:$A$17,0)),"") -> 0 | AD66: =IF(AND(מלאי!D135<>"",OR(#REF!="הכל",מלאי!Z135=#REF!,מלאי!AA135=#REF!,מלאי!AB135=#REF!,מלאי!AC135=#REF!),OR(#REF!="הכל",מלאי!A135=#REF!),OR(#REF!="הכל",מלאי!B135=#REF!),OR(#REF!="הכל",מלאי!F135=#REF!,מלאי!G135=#REF!),OR(#REF!="הכל",מלאי!T135=#REF!),OR(#REF!="הכל",מלאי!Q135=#REF!),OR(#REF!="הכל",מלאי!J135=#REF!),OR(#REF!="הכל",מלאי!L135=#REF!),OR(#REF!="הכל",מלאי!O135=#REF!),OR(#REF!="הכל",מלאי!R135=#REF!),OR(#REF!="הכל",#REF!="",מלאי!W135=#REF!),OR(#REF!="הכל",#REF!="",ISNUMBER(SEARCH(#REF!,מלאי!C135)))),1,0) -> #REF! | AE66: =IF(AND(מלאי!D135<>"",OR(#REF!="הכל",מלאי!Z135=#REF!,מלאי!AA135=#REF!,מלאי!AB135=#REF!,מלאי!AC135=#REF!),OR(#REF!="הכל",מלאי!A135=#REF!),OR(#REF!="הכל",מלאי!B135=#REF!),OR(#REF!="הכל",מלאי!F135=#REF!,מלאי!G135=#REF!),OR(#REF!="הכל",מלאי!T135=#REF!),OR(#REF!="הכל",מלאי!Q135=#REF!),OR(#REF!="הכל",מלאי!J135=#REF!),OR(#REF!="הכל",מלאי!L135=#REF!),OR(#REF!="הכל",מלאי!O135=#REF!),OR(#REF!="הכל",מלאי!R135=#REF!),OR(#REF!="הכל",#REF!="",מלאי!W135=#REF!),OR(#REF!="הכל",#REF!="",ISNUMBER(SEARCH(#REF!,מלאי!C135))),OR(#REF!="הכל",מלאי!#REF!=#REF!)),1,0) -> #REF! | AF66: =IF(AD66=1,COUNTIF($AD$3:$AD66,1),"") -> #REF! | AG66: =IF(AE66=1,COUNTIF($AE$3:$AE66,1),"") -> #REF!
A67: Platform Hide Site | B67: LC79 | C67: V1 | D67: LC - 2 | E67: =IFERROR(INDEX(הגדרות!$I$2:$I$47,MATCH(B67,הגדרות!$H$2:$H$47,0)),"") -> 9026-00 | F67: רשת רכב | H67: Desert | I67: Desert-Green | J67: כן | K67: כן | N67: כן | O67: כן | T67: במלאי | Z67: =IFERROR(INDEX(הגדרות!$B$2:$B$17,MATCH(H67,הגדרות!$A$2:$A$17,0)),"") -> מדברי | AA67: =IFERROR(INDEX(הגדרות!$C$2:$C$17,MATCH(H67,הגדרות!$A$2:$A$17,0)),"") -> 0 | AB67: =IFERROR(INDEX(הגדרות!$B$2:$B$17,MATCH(I67,הגדרות!$A$2:$A$17,0)),"") -> מדברי | AC67: =IFERROR(INDEX(הגדרות!$C$2:$C$17,MATCH(I67,הגדרות!$A$2:$A$17,0)),"") -> 0 | AD67: =IF(AND(מלאי!D136<>"",OR(#REF!="הכל",מלאי!Z136=#REF!,מלאי!AA136=#REF!,מלאי!AB136=#REF!,מלאי!AC136=#REF!),OR(#REF!="הכל",מלאי!A136=#REF!),OR(#REF!="הכל",מלאי!B136=#REF!),OR(#REF!="הכל",מלאי!F136=#REF!,מלאי!G136=#REF!),OR(#REF!="הכל",מלאי!T136=#REF!),OR(#REF!="הכל",מלאי!Q136=#REF!),OR(#REF!="הכל",מלאי!J136=#REF!),OR(#REF!="הכל",מלאי!L136=#REF!),OR(#REF!="הכל",מלאי!O136=#REF!),OR(#REF!="הכל",מלאי!R136=#REF!),OR(#REF!="הכל",#REF!="",מלאי!W136=#REF!),OR(#REF!="הכל",#REF!="",ISNUMBER(SEARCH(#REF!,מלאי!C136)))),1,0) -> #REF! | AE67: =IF(AND(מלאי!D136<>"",OR(#REF!="הכל",מלאי!Z136=#REF!,מלאי!AA136=#REF!,מלאי!AB136=#REF!,מלאי!AC136=#REF!),OR(#REF!="הכל",מלאי!A136=#REF!),OR(#REF!="הכל",מלאי!B136=#REF!),OR(#REF!="הכל",מלאי!F136=#REF!,מלאי!G136=#REF!),OR(#REF!="הכל",מלאי!T136=#REF!),OR(#REF!="הכל",מלאי!Q136=#REF!),OR(#REF!="הכל",מלאי!J136=#REF!),OR(#REF!="הכל",מלאי!L136=#REF!),OR(#REF!="הכל",מלאי!O136=#REF!),OR(#REF!="הכל",מלאי!R136=#REF!),OR(#REF!="הכל",#REF!="",מלאי!W136=#REF!),OR(#REF!="הכל",#REF!="",ISNUMBER(SEARCH(#REF!,מלאי!C136))),OR(#REF!="הכל",מלאי!#REF!=#REF!)),1,0) -> #REF! | AF67: =IF(AD67=1,COUNTIF($AD$3:$AD67,1),"") -> #REF! | AG67: =IF(AE67=1,COUNTIF($AE$3:$AE67,1),"") -> #REF!
A68: OverGarment | B68: May Long Shirt | C68: ארוכה | D68: May Long 1 | E68: =IFERROR(INDEX(הגדרות!$I$2:$I$47,MATCH(B68,הגדרות!$H$2:$H$47,0)),"") | F68: RIPSTOP Double Layer | H68: Desert Coyote | I68: NATO | J68: כן | K68: כן | L68: כן | M68: כן | N68: כן | O68: לא | Q68: כן | T68: במלאי | Z68: =IFERROR(INDEX(הגדרות!$B$2:$B$17,MATCH(H68,הגדרות!$A$2:$A$17,0)),"") -> מדברי | AA68: =IFERROR(INDEX(הגדרות!$C$2:$C$17,MATCH(H68,הגדרות!$A$2:$A$17,0)),"") -> 0 | AB68: =IFERROR(INDEX(הגדרות!$B$2:$B$17,MATCH(I68,הגדרות!$A$2:$A$17,0)),"") -> מיוער | AC68: =IFERROR(INDEX(הגדרות!$C$2:$C$17,MATCH(I68,הגדרות!$A$2:$A$17,0)),"") -> 0 | AD68: =IF(AND(מלאי!D90<>"",OR(#REF!="הכל",מלאי!Z90=#REF!,מלאי!AA90=#REF!,מלאי!AB90=#REF!,מלאי!AC90=#REF!),OR(#REF!="הכל",מלאי!A90=#REF!),OR(#REF!="הכל",מלאי!B90=#REF!),OR(#REF!="הכל",מלאי!F90=#REF!,מלאי!G90=#REF!),OR(#REF!="הכל",מלאי!T90=#REF!),OR(#REF!="הכל",מלאי!Q90=#REF!),OR(#REF!="הכל",מלאי!J90=#REF!),OR(#REF!="הכל",מלאי!L90=#REF!),OR(#REF!="הכל",מלאי!O90=#REF!),OR(#REF!="הכל",מלאי!R90=#REF!),OR(#REF!="הכל",#REF!="",מלאי!W90=#REF!),OR(#REF!="הכל",#REF!="",ISNUMBER(SEARCH(#REF!,מלאי!C90)))),1,0) -> #REF! | AE68: =IF(AND(מלאי!D90<>"",OR(#REF!="הכל",מלאי!Z90=#REF!,מלאי!AA90=#REF!,מלאי!AB90=#REF!,מלאי!AC90=#REF!),OR(#REF!="הכל",מלאי!A90=#REF!),OR(#REF!="הכל",מלאי!B90=#REF!),OR(#REF!="הכל",מלאי!F90=#REF!,מלאי!G90=#REF!),OR(#REF!="הכל",מלאי!T90=#REF!),OR(#REF!="הכל",מלאי!Q90=#REF!),OR(#REF!="הכל",מלאי!J90=#REF!),OR(#REF!="הכל",מלאי!L90=#REF!),OR(#REF!="הכל",מלאי!O90=#REF!),OR(#REF!="הכל",מלאי!R90=#REF!),OR(#REF!="הכל",#REF!="",מלאי!W90=#REF!),OR(#REF!="הכל",#REF!="",ISNUMBER(SEARCH(#REF!,מלאי!C90))),OR(#REF!="הכל",מלאי!#REF!=#REF!)),1,0) -> #REF! | AF68: =IF(AD68=1,COUNTIF($AD$3:$AD68,1),"") -> #REF! | AG68: =IF(AE68=1,COUNTIF($AE$3:$AE68,1),"") -> #REF!
A69: OverGarment | B69: May Long Shirt | C69: ארוכה | D69: May Long 2 | E69: =IFERROR(INDEX(הגדרות!$I$2:$I$47,MATCH(B69,הגדרות!$H$2:$H$47,0)),"") | F69: RIPSTOP Double Layer | H69: Desert Coyote | I69: NATO | J69: כן | K69: כן | L69: כן | M69: כן | N69: כן | O69: לא | Q69: כן | T69: במלאי | Z69: =IFERROR(INDEX(הגדרות!$B$2:$B$17,MATCH(H69,הגדרות!$A$2:$A$17,0)),"") -> מדברי | AA69: =IFERROR(INDEX(הגדרות!$C$2:$C$17,MATCH(H69,הגדרות!$A$2:$A$17,0)),"") -> 0 | AB69: =IFERROR(INDEX(הגדרות!$B$2:$B$17,MATCH(I69,הגדרות!$A$2:$A$17,0)),"") -> מיוער | AC69: =IFERROR(INDEX(הגדרות!$C$2:$C$17,MATCH(I69,הגדרות!$A$2:$A$17,0)),"") -> 0 | AD69: =IF(AND(מלאי!D116<>"",OR(#REF!="הכל",מלאי!Z116=#REF!,מלאי!AA116=#REF!,מלאי!AB116=#REF!,מלאי!AC116=#REF!),OR(#REF!="הכל",מלאי!A116=#REF!),OR(#REF!="הכל",מלאי!B116=#REF!),OR(#REF!="הכל",מלאי!F116=#REF!,מלאי!G116=#REF!),OR(#REF!="הכל",מלאי!T116=#REF!),OR(#REF!="הכל",מלאי!Q116=#REF!),OR(#REF!="הכל",מלאי!J116=#REF!),OR(#REF!="הכל",מלאי!L116=#REF!),OR(#REF!="הכל",מלאי!O116=#REF!),OR(#REF!="הכל",מלאי!R116=#REF!),OR(#REF!="הכל",#REF!="",מלאי!W116=#REF!),OR(#REF!="הכל",#REF!="",ISNUMBER(SEARCH(#REF!,מלאי!C116)))),1,0) -> #REF! | AE69: =IF(AND(מלאי!D116<>"",OR(#REF!="הכל",מלאי!Z116=#REF!,מלאי!AA116=#REF!,מלאי!AB116=#REF!,מלאי!AC116=#REF!),OR(#REF!="הכל",מלאי!A116=#REF!),OR(#REF!="הכל",מלאי!B116=#REF!),OR(#REF!="הכל",מלאי!F116=#REF!,מלאי!G116=#REF!),OR(#REF!="הכל",מלאי!T116=#REF!),OR(#REF!="הכל",מלאי!Q116=#REF!),OR(#REF!="הכל",מלאי!J116=#REF!),OR(#REF!="הכל",מלאי!L116=#REF!),OR(#REF!="הכל",מלאי!O116=#REF!),OR(#REF!="הכל",מלאי!R116=#REF!),OR(#REF!="הכל",#REF!="",מלאי!W116=#REF!),OR(#REF!="הכל",#REF!="",ISNUMBER(SEARCH(#REF!,מלאי!C116))),OR(#REF!="הכל",מלאי!#REF!=#REF!)),1,0) -> #REF! | AF69: =IF(AD69=1,COUNTIF($AD$3:$AD69,1),"") -> #REF! | AG69: =IF(AE69=1,COUNTIF($AE$3:$AE69,1),"") -> #REF!
A70: OverGarment | B70: May Suit | C70: V1 | D70: May3 | E70: =IFERROR(INDEX(הגדרות!$I$2:$I$47,MATCH(B70,הגדרות!$H$2:$H$47,0)),"") -> 7040-01 | F70: RIPSTOP Double Layer | H70: Forest Green | I70: NATO | J70: כן | K70: כן | L70: כן | M70: כן | O70: כן | Q70: לא | S70: לא | T70: במלאי | Z70: =IFERROR(INDEX(הגדרות!$B$2:$B$17,MATCH(H70,הגדרות!$A$2:$A$17,0)),"") -> מיוער | AA70: =IFERROR(INDEX(הגדרות!$C$2:$C$17,MATCH(H70,הגדרות!$A$2:$A$17,0)),"") -> 0 | AB70: =IFERROR(INDEX(הגדרות!$B$2:$B$17,MATCH(I70,הגדרות!$A$2:$A$17,0)),"") -> מיוער | AC70: =IFERROR(INDEX(הגדרות!$C$2:$C$17,MATCH(I70,הגדרות!$A$2:$A$17,0)),"") -> 0 | AD70: =IF(AND(מלאי!D16<>"",OR(#REF!="הכל",מלאי!Z16=#REF!,מלאי!AA16=#REF!,מלאי!AB16=#REF!,מלאי!AC16=#REF!),OR(#REF!="הכל",מלאי!A16=#REF!),OR(#REF!="הכל",מלאי!B16=#REF!),OR(#REF!="הכל",מלאי!F16=#REF!,מלאי!G16=#REF!),OR(#REF!="הכל",מלאי!T16=#REF!),OR(#REF!="הכל",מלאי!Q16=#REF!),OR(#REF!="הכל",מלאי!J16=#REF!),OR(#REF!="הכל",מלאי!L16=#REF!),OR(#REF!="הכל",מלאי!O16=#REF!),OR(#REF!="הכל",מלאי!R16=#REF!),OR(#REF!="הכל",#REF!="",מלאי!W16=#REF!),OR(#REF!="הכל",#REF!="",ISNUMBER(SEARCH(#REF!,מלאי!C16)))),1,0) -> #REF! | AE70: =IF(AND(מלאי!D16<>"",OR(#REF!="הכל",מלאי!Z16=#REF!,מלאי!AA16=#REF!,מלאי!AB16=#REF!,מלאי!AC16=#REF!),OR(#REF!="הכל",מלאי!A16=#REF!),OR(#REF!="הכל",מלאי!B16=#REF!),OR(#REF!="הכל",מלאי!F16=#REF!,מלאי!G16=#REF!),OR(#REF!="הכל",מלאי!T16=#REF!),OR(#REF!="הכל",מלאי!Q16=#REF!),OR(#REF!="הכל",מלאי!J16=#REF!),OR(#REF!="הכל",מלאי!L16=#REF!),OR(#REF!="הכל",מלאי!O16=#REF!),OR(#REF!="הכל",מלאי!R16=#REF!),OR(#REF!="הכל",#REF!="",מלאי!W16=#REF!),OR(#REF!="הכל",#REF!="",ISNUMBER(SEARCH(#REF!,מלאי!C16))),OR(#REF!="הכל",מלאי!#REF!=#REF!)),1,0) -> #REF! | AF70: =IF(AD70=1,COUNTIF($AD$3:$AD70,1),"") -> #REF! | AG70: =IF(AE70=1,COUNTIF($AE$3:$AE70,1),"") -> #REF!
A71: OverGarment | B71: May Suit | C71: V1 | D71: May4 | E71: =IFERROR(INDEX(הגדרות!$I$2:$I$47,MATCH(B71,הגדרות!$H$2:$H$47,0)),"") -> 7040-01 | F71: RIPSTOP Double Layer | H71: Forest Green | I71: NATO | J71: כן | K71: כן | L71: כן | M71: כן | O71: כן | Q71: לא | S71: לא | T71: במלאי | Z71: =IFERROR(INDEX(הגדרות!$B$2:$B$17,MATCH(H71,הגדרות!$A$2:$A$17,0)),"") -> מיוער | AA71: =IFERROR(INDEX(הגדרות!$C$2:$C$17,MATCH(H71,הגדרות!$A$2:$A$17,0)),"") -> 0 | AB71: =IFERROR(INDEX(הגדרות!$B$2:$B$17,MATCH(I71,הגדרות!$A$2:$A$17,0)),"") -> מיוער | AC71: =IFERROR(INDEX(הגדרות!$C$2:$C$17,MATCH(I71,הגדרות!$A$2:$A$17,0)),"") -> 0 | AD71: =IF(AND(מלאי!D17<>"",OR(#REF!="הכל",מלאי!Z17=#REF!,מלאי!AA17=#REF!,מלאי!AB17=#REF!,מלאי!AC17=#REF!),OR(#REF!="הכל",מלאי!A17=#REF!),OR(#REF!="הכל",מלאי!B17=#REF!),OR(#REF!="הכל",מלאי!F17=#REF!,מלאי!G17=#REF!),OR(#REF!="הכל",מלאי!T17=#REF!),OR(#REF!="הכל",מלאי!Q17=#REF!),OR(#REF!="הכל",מלאי!J17=#REF!),OR(#REF!="הכל",מלאי!L17=#REF!),OR(#REF!="הכל",מלאי!O17=#REF!),OR(#REF!="הכל",מלאי!R17=#REF!),OR(#REF!="הכל",#REF!="",מלאי!W17=#REF!),OR(#REF!="הכל",#REF!="",ISNUMBER(SEARCH(#REF!,מלאי!C17)))),1,0) -> #REF! | AE71: =IF(AND(מלאי!D17<>"",OR(#REF!="הכל",מלאי!Z17=#REF!,מלאי!AA17=#REF!,מלאי!AB17=#REF!,מלאי!AC17=#REF!),OR(#REF!="הכל",מלאי!A17=#REF!),OR(#REF!="הכל",מלאי!B17=#REF!),OR(#REF!="הכל",מלאי!F17=#REF!,מלאי!G17=#REF!),OR(#REF!="הכל",מלאי!T17=#REF!),OR(#REF!="הכל",מלאי!Q17=#REF!),OR(#REF!="הכל",מלאי!J17=#REF!),OR(#REF!="הכל",מלאי!L17=#REF!),OR(#REF!="הכל",מלאי!O17=#REF!),OR(#REF!="הכל",מלאי!R17=#REF!),OR(#REF!="הכל",#REF!="",מלאי!W17=#REF!),OR(#REF!="הכל",#REF!="",ISNUMBER(SEARCH(#REF!,מלאי!C17))),OR(#REF!="הכל",מלאי!#REF!=#REF!)),1,0) -> #REF! | AF71: =IF(AD71=1,COUNTIF($AD$3:$AD71,1),"") -> #REF! | AG71: =IF(AE71=1,COUNTIF($AE$3:$AE71,1),"") -> #REF!
A72: OverGarment | B72: May Suit | C72: V1 | D72: מאי תצוגה | E72: =IFERROR(INDEX(הגדרות!$I$2:$I$47,MATCH(B72,הגדרות!$H$2:$H$47,0)),"") -> 7040-01 | F72: RIPSTOP Double Layer | H72: Forest Green | I72: NATO | J72: לא | K72: כן | L72: כן | M72: כן | O72: כן | P72: עליון רק צד אחד | Q72: לא | S72: לא | T72: בחדר תצוגה | Z72: =IFERROR(INDEX(הגדרות!$B$2:$B$17,MATCH(H72,הגדרות!$A$2:$A$17,0)),"") -> מיוער | AA72: =IFERROR(INDEX(הגדרות!$C$2:$C$17,MATCH(H72,הגדרות!$A$2:$A$17,0)),"") -> 0 | AB72: =IFERROR(INDEX(הגדרות!$B$2:$B$17,MATCH(I72,הגדרות!$A$2:$A$17,0)),"") -> מיוער | AC72: =IFERROR(INDEX(הגדרות!$C$2:$C$17,MATCH(I72,הגדרות!$A$2:$A$17,0)),"") -> 0 | AD72: =IF(AND(מלאי!D18<>"",OR(#REF!="הכל",מלאי!Z18=#REF!,מלאי!AA18=#REF!,מלאי!AB18=#REF!,מלאי!AC18=#REF!),OR(#REF!="הכל",מלאי!A18=#REF!),OR(#REF!="הכל",מלאי!B18=#REF!),OR(#REF!="הכל",מלאי!F18=#REF!,מלאי!G18=#REF!),OR(#REF!="הכל",מלאי!T18=#REF!),OR(#REF!="הכל",מלאי!Q18=#REF!),OR(#REF!="הכל",מלאי!J18=#REF!),OR(#REF!="הכל",מלאי!L18=#REF!),OR(#REF!="הכל",מלאי!O18=#REF!),OR(#REF!="הכל",מלאי!R18=#REF!),OR(#REF!="הכל",#REF!="",מלאי!W18=#REF!),OR(#REF!="הכל",#REF!="",ISNUMBER(SEARCH(#REF!,מלאי!C18)))),1,0) -> #REF! | AE72: =IF(AND(מלאי!D18<>"",OR(#REF!="הכל",מלאי!Z18=#REF!,מלאי!AA18=#REF!,מלאי!AB18=#REF!,מלאי!AC18=#REF!),OR(#REF!="הכל",מלאי!A18=#REF!),OR(#REF!="הכל",מלאי!B18=#REF!),OR(#REF!="הכל",מלאי!F18=#REF!,מלאי!G18=#REF!),OR(#REF!="הכל",מלאי!T18=#REF!),OR(#REF!="הכל",מלאי!Q18=#REF!),OR(#REF!="הכל",מלאי!J18=#REF!),OR(#REF!="הכל",מלאי!L18=#REF!),OR(#REF!="הכל",מלאי!O18=#REF!),OR(#REF!="הכל",מלאי!R18=#REF!),OR(#REF!="הכל",#REF!="",מלאי!W18=#REF!),OR(#REF!="הכל",#REF!="",ISNUMBER(SEARCH(#REF!,מלאי!C18))),OR(#REF!="הכל",מלאי!#REF!=#REF!)),1,0) -> #REF! | AF72: =IF(AD72=1,COUNTIF($AD$3:$AD72,1),"") -> #REF! | AG72: =IF(AE72=1,COUNTIF($AE$3:$AE72,1),"") -> #REF!
A73: OverGarment | B73: May Suit | C73: V1 | D73: מאי הדגמה | E73: =IFERROR(INDEX(הגדרות!$I$2:$I$47,MATCH(B73,הגדרות!$H$2:$H$47,0)),"") -> 7040-01 | F73: RIPSTOP Double Layer | H73: Forest Green | I73: NATO | J73: כן | K73: כן | L73: כן | M73: כן | O73: כן | Q73: לא | S73: לא | T73: במלאי | Z73: =IFERROR(INDEX(הגדרות!$B$2:$B$17,MATCH(H73,הגדרות!$A$2:$A$17,0)),"") -> מיוער | AA73: =IFERROR(INDEX(הגדרות!$C$2:$C$17,MATCH(H73,הגדרות!$A$2:$A$17,0)),"") -> 0 | AB73: =IFERROR(INDEX(הגדרות!$B$2:$B$17,MATCH(I73,הגדרות!$A$2:$A$17,0)),"") -> מיוער | AC73: =IFERROR(INDEX(הגדרות!$C$2:$C$17,MATCH(I73,הגדרות!$A$2:$A$17,0)),"") -> 0 | AD73: =IF(AND(מלאי!D19<>"",OR(#REF!="הכל",מלאי!Z19=#REF!,מלאי!AA19=#REF!,מלאי!AB19=#REF!,מלאי!AC19=#REF!),OR(#REF!="הכל",מלאי!A19=#REF!),OR(#REF!="הכל",מלאי!B19=#REF!),OR(#REF!="הכל",מלאי!F19=#REF!,מלאי!G19=#REF!),OR(#REF!="הכל",מלאי!T19=#REF!),OR(#REF!="הכל",מלאי!Q19=#REF!),OR(#REF!="הכל",מלאי!J19=#REF!),OR(#REF!="הכל",מלאי!L19=#REF!),OR(#REF!="הכל",מלאי!O19=#REF!),OR(#REF!="הכל",מלאי!R19=#REF!),OR(#REF!="הכל",#REF!="",מלאי!W19=#REF!),OR(#REF!="הכל",#REF!="",ISNUMBER(SEARCH(#REF!,מלאי!C19)))),1,0) -> #REF! | AE73: =IF(AND(מלאי!D19<>"",OR(#REF!="הכל",מלאי!Z19=#REF!,מלאי!AA19=#REF!,מלאי!AB19=#REF!,מלאי!AC19=#REF!),OR(#REF!="הכל",מלאי!A19=#REF!),OR(#REF!="הכל",מלאי!B19=#REF!),OR(#REF!="הכל",מלאי!F19=#REF!,מלאי!G19=#REF!),OR(#REF!="הכל",מלאי!T19=#REF!),OR(#REF!="הכל",מלאי!Q19=#REF!),OR(#REF!="הכל",מלאי!J19=#REF!),OR(#REF!="הכל",מלאי!L19=#REF!),OR(#REF!="הכל",מלאי!O19=#REF!),OR(#REF!="הכל",מלאי!R19=#REF!),OR(#REF!="הכל",#REF!="",מלאי!W19=#REF!),OR(#REF!="הכל",#REF!="",ISNUMBER(SEARCH(#REF!,מלאי!C19))),OR(#REF!="הכל",מלאי!#REF!=#REF!)),1,0) -> #REF! | AF73: =IF(AD73=1,COUNTIF($AD$3:$AD73,1),"") -> #REF! | AG73: =IF(AE73=1,COUNTIF($AE$3:$AE73,1),"") -> #REF!
A74: OverGarment | B74: May Suit | C74: V1 | D74: May Desert 1 | E74: =IFERROR(INDEX(הגדרות!$I$2:$I$47,MATCH(B74,הגדרות!$H$2:$H$47,0)),"") -> 7040-01 | F74: RIPSTOP Double Layer | H74: Desert Coyote | I74: Desert Coyote | J74: כן | K74: כן | L74: כן | M74: כן | O74: כן | Q74: לא | S74: לא | T74: במלאי | Z74: =IFERROR(INDEX(הגדרות!$B$2:$B$17,MATCH(H74,הגדרות!$A$2:$A$17,0)),"") -> מדברי | AA74: =IFERROR(INDEX(הגדרות!$C$2:$C$17,MATCH(H74,הגדרות!$A$2:$A$17,0)),"") -> 0 | AB74: =IFERROR(INDEX(הגדרות!$B$2:$B$17,MATCH(I74,הגדרות!$A$2:$A$17,0)),"") -> מדברי | AC74: =IFERROR(INDEX(הגדרות!$C$2:$C$17,MATCH(I74,הגדרות!$A$2:$A$17,0)),"") -> 0 | AD74: =IF(AND(מלאי!D20<>"",OR(#REF!="הכל",מלאי!Z20=#REF!,מלאי!AA20=#REF!,מלאי!AB20=#REF!,מלאי!AC20=#REF!),OR(#REF!="הכל",מלאי!A20=#REF!),OR(#REF!="הכל",מלאי!B20=#REF!),OR(#REF!="הכל",מלאי!F20=#REF!,מלאי!G20=#REF!),OR(#REF!="הכל",מלאי!T20=#REF!),OR(#REF!="הכל",מלאי!Q20=#REF!),OR(#REF!="הכל",מלאי!J20=#REF!),OR(#REF!="הכל",מלאי!L20=#REF!),OR(#REF!="הכל",מלאי!O20=#REF!),OR(#REF!="הכל",מלאי!R20=#REF!),OR(#REF!="הכל",#REF!="",מלאי!W20=#REF!),OR(#REF!="הכל",#REF!="",ISNUMBER(SEARCH(#REF!,מלאי!C20)))),1,0) -> #REF! | AE74: =IF(AND(מלאי!D20<>"",OR(#REF!="הכל",מלאי!Z20=#REF!,מלאי!AA20=#REF!,מלאי!AB20=#REF!,מלאי!AC20=#REF!),OR(#REF!="הכל",מלאי!A20=#REF!),OR(#REF!="הכל",מלאי!B20=#REF!),OR(#REF!="הכל",מלאי!F20=#REF!,מלאי!G20=#REF!),OR(#REF!="הכל",מלאי!T20=#REF!),OR(#REF!="הכל",מלאי!Q20=#REF!),OR(#REF!="הכל",מלאי!J20=#REF!),OR(#REF!="הכל",מלאי!L20=#REF!),OR(#REF!="הכל",מלאי!O20=#REF!),OR(#REF!="הכל",מלאי!R20=#REF!),OR(#REF!="הכל",#REF!="",מלאי!W20=#REF!),OR(#REF!="הכל",#REF!="",ISNUMBER(SEARCH(#REF!,מלאי!C20))),OR(#REF!="הכל",מלאי!#REF!=#REF!)),1,0) -> #REF! | AF74: =IF(AD74=1,COUNTIF($AD$3:$AD74,1),"") -> #REF! | AG74: =IF(AE74=1,COUNTIF($AE$3:$AE74,1),"") -> #REF!
A75: OverGarment | B75: May Suit | C75: V1 | D75: May Desert 2 | E75: =IFERROR(INDEX(הגדרות!$I$2:$I$47,MATCH(B75,הגדרות!$H$2:$H$47,0)),"") -> 7040-01 | F75: RIPSTOP Double Layer | H75: Desert Coyote | I75: Desert Coyote | J75: כן | K75: כן | L75: כן | M75: כן | O75: כן | Q75: לא | S75: לא | T75: במלאי | Z75: =IFERROR(INDEX(הגדרות!$B$2:$B$17,MATCH(H75,הגדרות!$A$2:$A$17,0)),"") -> מדברי | AA75: =IFERROR(INDEX(הגדרות!$C$2:$C$17,MATCH(H75,הגדרות!$A$2:$A$17,0)),"") -> 0 | AB75: =IFERROR(INDEX(הגדרות!$B$2:$B$17,MATCH(I75,הגדרות!$A$2:$A$17,0)),"") -> מדברי | AC75: =IFERROR(INDEX(הגדרות!$C$2:$C$17,MATCH(I75,הגדרות!$A$2:$A$17,0)),"") -> 0 | AD75: =IF(AND(מלאי!D21<>"",OR(#REF!="הכל",מלאי!Z21=#REF!,מלאי!AA21=#REF!,מלאי!AB21=#REF!,מלאי!AC21=#REF!),OR(#REF!="הכל",מלאי!A21=#REF!),OR(#REF!="הכל",מלאי!B21=#REF!),OR(#REF!="הכל",מלאי!F21=#REF!,מלאי!G21=#REF!),OR(#REF!="הכל",מלאי!T21=#REF!),OR(#REF!="הכל",מלאי!Q21=#REF!),OR(#REF!="הכל",מלאי!J21=#REF!),OR(#REF!="הכל",מלאי!L21=#REF!),OR(#REF!="הכל",מלאי!O21=#REF!),OR(#REF!="הכל",מלאי!R21=#REF!),OR(#REF!="הכל",#REF!="",מלאי!W21=#REF!),OR(#REF!="הכל",#REF!="",ISNUMBER(SEARCH(#REF!,מלאי!C21)))),1,0) -> #REF! | AE75: =IF(AND(מלאי!D21<>"",OR(#REF!="הכל",מלאי!Z21=#REF!,מלאי!AA21=#REF!,מלאי!AB21=#REF!,מלאי!AC21=#REF!),OR(#REF!="הכל",מלאי!A21=#REF!),OR(#REF!="הכל",מלאי!B21=#REF!),OR(#REF!="הכל",מלאי!F21=#REF!,מלאי!G21=#REF!),OR(#REF!="הכל",מלאי!T21=#REF!),OR(#REF!="הכל",מלאי!Q21=#REF!),OR(#REF!="הכל",מלאי!J21=#REF!),OR(#REF!="הכל",מלאי!L21=#REF!),OR(#REF!="הכל",מלאי!O21=#REF!),OR(#REF!="הכל",מלאי!R21=#REF!),OR(#REF!="הכל",#REF!="",מלאי!W21=#REF!),OR(#REF!="הכל",#REF!="",ISNUMBER(SEARCH(#REF!,מלאי!C21))),OR(#REF!="הכל",מלאי!#REF!=#REF!)),1,0) -> #REF! | AF75: =IF(AD75=1,COUNTIF($AD$3:$AD75,1),"") -> #REF! | AG75: =IF(AE75=1,COUNTIF($AE$3:$AE75,1),"") -> #REF!
A76: OverGarment | B76: May Suit | C76: V1 | D76: May Desert 3 | E76: =IFERROR(INDEX(הגדרות!$I$2:$I$47,MATCH(B76,הגדרות!$H$2:$H$47,0)),"") -> 7040-01 | F76: RIPSTOP Double Layer | H76: Desert Coyote | I76: Desert Coyote | J76: כן | K76: כן | L76: כן | M76: כן | O76: כן | Q76: לא | S76: לא | T76: במלאי | Z76: =IFERROR(INDEX(הגדרות!$B$2:$B$17,MATCH(H76,הגדרות!$A$2:$A$17,0)),"") -> מדברי | AA76: =IFERROR(INDEX(הגדרות!$C$2:$C$17,MATCH(H76,הגדרות!$A$2:$A$17,0)),"") -> 0 | AB76: =IFERROR(INDEX(הגדרות!$B$2:$B$17,MATCH(I76,הגדרות!$A$2:$A$17,0)),"") -> מדברי | AC76: =IFERROR(INDEX(הגדרות!$C$2:$C$17,MATCH(I76,הגדרות!$A$2:$A$17,0)),"") -> 0 | AD76: =IF(AND(מלאי!D22<>"",OR(#REF!="הכל",מלאי!Z22=#REF!,מלאי!AA22=#REF!,מלאי!AB22=#REF!,מלאי!AC22=#REF!),OR(#REF!="הכל",מלאי!A22=#REF!),OR(#REF!="הכל",מלאי!B22=#REF!),OR(#REF!="הכל",מלאי!F22=#REF!,מלאי!G22=#REF!),OR(#REF!="הכל",מלאי!T22=#REF!),OR(#REF!="הכל",מלאי!Q22=#REF!),OR(#REF!="הכל",מלאי!J22=#REF!),OR(#REF!="הכל",מלאי!L22=#REF!),OR(#REF!="הכל",מלאי!O22=#REF!),OR(#REF!="הכל",מלאי!R22=#REF!),OR(#REF!="הכל",#REF!="",מלאי!W22=#REF!),OR(#REF!="הכל",#REF!="",ISNUMBER(SEARCH(#REF!,מלאי!C22)))),1,0) -> #REF! | AE76: =IF(AND(מלאי!D22<>"",OR(#REF!="הכל",מלאי!Z22=#REF!,מלאי!AA22=#REF!,מלאי!AB22=#REF!,מלאי!AC22=#REF!),OR(#REF!="הכל",מלאי!A22=#REF!),OR(#REF!="הכל",מלאי!B22=#REF!),OR(#REF!="הכל",מלאי!F22=#REF!,מלאי!G22=#REF!),OR(#REF!="הכל",מלאי!T22=#REF!),OR(#REF!="הכל",מלאי!Q22=#REF!),OR(#REF!="הכל",מלאי!J22=#REF!),OR(#REF!="הכל",מלאי!L22=#REF!),OR(#REF!="הכל",מלאי!O22=#REF!),OR(#REF!="הכל",מלאי!R22=#REF!),OR(#REF!="הכל",#REF!="",מלאי!W22=#REF!),OR(#REF!="הכל",#REF!="",ISNUMBER(SEARCH(#REF!,מלאי!C22))),OR(#REF!="הכל",מלאי!#REF!=#REF!)),1,0) -> #REF! | AF76: =IF(AD76=1,COUNTIF($AD$3:$AD76,1),"") -> #REF! | AG76: =IF(AE76=1,COUNTIF($AE$3:$AE76,1),"") -> #REF!
A77: OverGarment | B77: May Suit | C77: V1 | D77: May Desert 4 | E77: =IFERROR(INDEX(הגדרות!$I$2:$I$47,MATCH(B77,הגדרות!$H$2:$H$47,0)),"") -> 7040-01 | F77: RIPSTOP Double Layer | H77: Desert Coyote | I77: Desert Coyote | J77: כן | K77: כן | L77: כן | M77: כן | O77: כן | Q77: לא | S77: לא | T77: במלאי | Z77: =IFERROR(INDEX(הגדרות!$B$2:$B$17,MATCH(H77,הגדרות!$A$2:$A$17,0)),"") -> מדברי | AA77: =IFERROR(INDEX(הגדרות!$C$2:$C$17,MATCH(H77,הגדרות!$A$2:$A$17,0)),"") -> 0 | AB77: =IFERROR(INDEX(הגדרות!$B$2:$B$17,MATCH(I77,הגדרות!$A$2:$A$17,0)),"") -> מדברי | AC77: =IFERROR(INDEX(הגדרות!$C$2:$C$17,MATCH(I77,הגדרות!$A$2:$A$17,0)),"") -> 0 | AD77: =IF(AND(מלאי!D23<>"",OR(#REF!="הכל",מלאי!Z23=#REF!,מלאי!AA23=#REF!,מלאי!AB23=#REF!,מלאי!AC23=#REF!),OR(#REF!="הכל",מלאי!A23=#REF!),OR(#REF!="הכל",מלאי!B23=#REF!),OR(#REF!="הכל",מלאי!F23=#REF!,מלאי!G23=#REF!),OR(#REF!="הכל",מלאי!T23=#REF!),OR(#REF!="הכל",מלאי!Q23=#REF!),OR(#REF!="הכל",מלאי!J23=#REF!),OR(#REF!="הכל",מלאי!L23=#REF!),OR(#REF!="הכל",מלאי!O23=#REF!),OR(#REF!="הכל",מלאי!R23=#REF!),OR(#REF!="הכל",#REF!="",מלאי!W23=#REF!),OR(#REF!="הכל",#REF!="",ISNUMBER(SEARCH(#REF!,מלאי!C23)))),1,0) -> #REF! | AE77: =IF(AND(מלאי!D23<>"",OR(#REF!="הכל",מלאי!Z23=#REF!,מלאי!AA23=#REF!,מלאי!AB23=#REF!,מלאי!AC23=#REF!),OR(#REF!="הכל",מלאי!A23=#REF!),OR(#REF!="הכל",מלאי!B23=#REF!),OR(#REF!="הכל",מלאי!F23=#REF!,מלאי!G23=#REF!),OR(#REF!="הכל",מלאי!T23=#REF!),OR(#REF!="הכל",מלאי!Q23=#REF!),OR(#REF!="הכל",מלאי!J23=#REF!),OR(#REF!="הכל",מלאי!L23=#REF!),OR(#REF!="הכל",מלאי!O23=#REF!),OR(#REF!="הכל",מלאי!R23=#REF!),OR(#REF!="הכל",#REF!="",מלאי!W23=#REF!),OR(#REF!="הכל",#REF!="",ISNUMBER(SEARCH(#REF!,מלאי!C23))),OR(#REF!="הכל",מלאי!#REF!=#REF!)),1,0) -> #REF! | AF77: =IF(AD77=1,COUNTIF($AD$3:$AD77,1),"") -> #REF! | AG77: =IF(AE77=1,COUNTIF($AE$3:$AE77,1),"") -> #REF!
A78: Platform Hide Site | B78: MRZR cover | C78: alpha | D78: mrzr alpha 9*12 | E78: =IFERROR(INDEX(הגדרות!$I$2:$I$47,MATCH(B78,הגדרות!$H$2:$H$47,0)),"") -> 3003-00 | F78: רשת רכב | H78: Desert-Green | I78: Desert | J78: כן | K78: כן | T78: במלאי | Z78: =IFERROR(INDEX(הגדרות!$B$2:$B$17,MATCH(H78,הגדרות!$A$2:$A$17,0)),"") -> מדברי | AA78: =IFERROR(INDEX(הגדרות!$C$2:$C$17,MATCH(H78,הגדרות!$A$2:$A$17,0)),"") -> 0 | AB78: =IFERROR(INDEX(הגדרות!$B$2:$B$17,MATCH(I78,הגדרות!$A$2:$A$17,0)),"") -> מדברי | AC78: =IFERROR(INDEX(הגדרות!$C$2:$C$17,MATCH(I78,הגדרות!$A$2:$A$17,0)),"") -> 0 | AD78: =IF(AND(מלאי!D143<>"",OR(#REF!="הכל",מלאי!Z143=#REF!,מלאי!AA143=#REF!,מלאי!AB143=#REF!,מלאי!AC143=#REF!),OR(#REF!="הכל",מלאי!A143=#REF!),OR(#REF!="הכל",מלאי!B143=#REF!),OR(#REF!="הכל",מלאי!F143=#REF!,מלאי!G143=#REF!),OR(#REF!="הכל",מלאי!T143=#REF!),OR(#REF!="הכל",מלאי!Q143=#REF!),OR(#REF!="הכל",מלאי!J143=#REF!),OR(#REF!="הכל",מלאי!L143=#REF!),OR(#REF!="הכל",מלאי!O143=#REF!),OR(#REF!="הכל",מלאי!R143=#REF!),OR(#REF!="הכל",#REF!="",מלאי!W143=#REF!),OR(#REF!="הכל",#REF!="",ISNUMBER(SEARCH(#REF!,מלאי!C143)))),1,0) -> #REF! | AE78: =IF(AND(מלאי!D143<>"",OR(#REF!="הכל",מלאי!Z143=#REF!,מלאי!AA143=#REF!,מלאי!AB143=#REF!,מלאי!AC143=#REF!),OR(#REF!="הכל",מלאי!A143=#REF!),OR(#REF!="הכל",מלאי!B143=#REF!),OR(#REF!="הכל",מלאי!F143=#REF!,מלאי!G143=#REF!),OR(#REF!="הכל",מלאי!T143=#REF!),OR(#REF!="הכל",מלאי!Q143=#REF!),OR(#REF!="הכל",מלאי!J143=#REF!),OR(#REF!="הכל",מלאי!L143=#REF!),OR(#REF!="הכל",מלאי!O143=#REF!),OR(#REF!="הכל",מלאי!R143=#REF!),OR(#REF!="הכל",#REF!="",מלאי!W143=#REF!),OR(#REF!="הכל",#REF!="",ISNUMBER(SEARCH(#REF!,מלאי!C143))),OR(#REF!="הכל",מלאי!#REF!=#REF!)),1,0) -> #REF! | AF78: =IF(AD78=1,COUNTIF($AD$3:$AD78,1),"") -> #REF! | AG78: =IF(AE78=1,COUNTIF($AE$3:$AE78,1),"") -> #REF!
A79: Hide Site | B79: Operators HS | C79: V1 | D79: עמדת חוליה 1 הדגמה | E79: =IFERROR(INDEX(הגדרות!$I$2:$I$47,MATCH(B79,הגדרות!$H$2:$H$47,0)),"") -> 9001-00 | F79: רשת רכב | H79: Desert | I79: Desert-Green | J79: כן | L79: כן | M79: כן | O79: כן | Q79: לא | S79: לא | T79: במלאי | Z79: =IFERROR(INDEX(הגדרות!$B$2:$B$17,MATCH(H79,הגדרות!$A$2:$A$17,0)),"") -> מדברי | AA79: =IFERROR(INDEX(הגדרות!$C$2:$C$17,MATCH(H79,הגדרות!$A$2:$A$17,0)),"") -> 0 | AB79: =IFERROR(INDEX(הגדרות!$B$2:$B$17,MATCH(I79,הגדרות!$A$2:$A$17,0)),"") -> מדברי | AC79: =IFERROR(INDEX(הגדרות!$C$2:$C$17,MATCH(I79,הגדרות!$A$2:$A$17,0)),"") -> 0 | AD79: =IF(AND(מלאי!D53<>"",OR(#REF!="הכל",מלאי!Z53=#REF!,מלאי!AA53=#REF!,מלאי!AB53=#REF!,מלאי!AC53=#REF!),OR(#REF!="הכל",מלאי!A53=#REF!),OR(#REF!="הכל",מלאי!B53=#REF!),OR(#REF!="הכל",מלאי!F53=#REF!,מלאי!G53=#REF!),OR(#REF!="הכל",מלאי!T53=#REF!),OR(#REF!="הכל",מלאי!Q53=#REF!),OR(#REF!="הכל",מלאי!J53=#REF!),OR(#REF!="הכל",מלאי!L53=#REF!),OR(#REF!="הכל",מלאי!O53=#REF!),OR(#REF!="הכל",מלאי!R53=#REF!),OR(#REF!="הכל",#REF!="",מלאי!W53=#REF!),OR(#REF!="הכל",#REF!="",ISNUMBER(SEARCH(#REF!,מלאי!C53)))),1,0) -> #REF! | AE79: =IF(AND(מלאי!D53<>"",OR(#REF!="הכל",מלאי!Z53=#REF!,מלאי!AA53=#REF!,מלאי!AB53=#REF!,מלאי!AC53=#REF!),OR(#REF!="הכל",מלאי!A53=#REF!),OR(#REF!="הכל",מלאי!B53=#REF!),OR(#REF!="הכל",מלאי!F53=#REF!,מלאי!G53=#REF!),OR(#REF!="הכל",מלאי!T53=#REF!),OR(#REF!="הכל",מלאי!Q53=#REF!),OR(#REF!="הכל",מלאי!J53=#REF!),OR(#REF!="הכל",מלאי!L53=#REF!),OR(#REF!="הכל",מלאי!O53=#REF!),OR(#REF!="הכל",מלאי!R53=#REF!),OR(#REF!="הכל",#REF!="",מלאי!W53=#REF!),OR(#REF!="הכל",#REF!="",ISNUMBER(SEARCH(#REF!,מלאי!C53))),OR(#REF!="הכל",מלאי!#REF!=#REF!)),1,0) -> #REF! | AF79: =IF(AD79=1,COUNTIF($AD$3:$AD79,1),"") -> #REF! | AG79: =IF(AE79=1,COUNTIF($AE$3:$AE79,1),"") -> #REF!
A80: Hide Site | B80: Operators HS | C80: V1 | D80: Op HS 2 | E80: =IFERROR(INDEX(הגדרות!$I$2:$I$47,MATCH(B80,הגדרות!$H$2:$H$47,0)),"") -> 9001-00 | F80: רשת רכב | H80: Desert | I80: Desert-Green | J80: כן | L80: כן | M80: כן | O80: כן | Q80: לא | S80: לא | T80: במלאי | Z80: =IFERROR(INDEX(הגדרות!$B$2:$B$17,MATCH(H80,הגדרות!$A$2:$A$17,0)),"") -> מדברי | AA80: =IFERROR(INDEX(הגדרות!$C$2:$C$17,MATCH(H80,הגדרות!$A$2:$A$17,0)),"") -> 0 | AB80: =IFERROR(INDEX(הגדרות!$B$2:$B$17,MATCH(I80,הגדרות!$A$2:$A$17,0)),"") -> מדברי | AC80: =IFERROR(INDEX(הגדרות!$C$2:$C$17,MATCH(I80,הגדרות!$A$2:$A$17,0)),"") -> 0 | AD80: =IF(AND(מלאי!D54<>"",OR(#REF!="הכל",מלאי!Z54=#REF!,מלאי!AA54=#REF!,מלאי!AB54=#REF!,מלאי!AC54=#REF!),OR(#REF!="הכל",מלאי!A54=#REF!),OR(#REF!="הכל",מלאי!B54=#REF!),OR(#REF!="הכל",מלאי!F54=#REF!,מלאי!G54=#REF!),OR(#REF!="הכל",מלאי!T54=#REF!),OR(#REF!="הכל",מלאי!Q54=#REF!),OR(#REF!="הכל",מלאי!J54=#REF!),OR(#REF!="הכל",מלאי!L54=#REF!),OR(#REF!="הכל",מלאי!O54=#REF!),OR(#REF!="הכל",מלאי!R54=#REF!),OR(#REF!="הכל",#REF!="",מלאי!W54=#REF!),OR(#REF!="הכל",#REF!="",ISNUMBER(SEARCH(#REF!,מלאי!C54)))),1,0) -> #REF! | AE80: =IF(AND(מלאי!D54<>"",OR(#REF!="הכל",מלאי!Z54=#REF!,מלאי!AA54=#REF!,מלאי!AB54=#REF!,מלאי!AC54=#REF!),OR(#REF!="הכל",מלאי!A54=#REF!),OR(#REF!="הכל",מלאי!B54=#REF!),OR(#REF!="הכל",מלאי!F54=#REF!,מלאי!G54=#REF!),OR(#REF!="הכל",מלאי!T54=#REF!),OR(#REF!="הכל",מלאי!Q54=#REF!),OR(#REF!="הכל",מלאי!J54=#REF!),OR(#REF!="הכל",מלאי!L54=#REF!),OR(#REF!="הכל",מלאי!O54=#REF!),OR(#REF!="הכל",מלאי!R54=#REF!),OR(#REF!="הכל",#REF!="",מלאי!W54=#REF!),OR(#REF!="הכל",#REF!="",ISNUMBER(SEARCH(#REF!,מלאי!C54))),OR(#REF!="הכל",מלאי!#REF!=#REF!)),1,0) -> #REF! | AF80: =IF(AD80=1,COUNTIF($AD$3:$AD80,1),"") -> #REF! | AG80: =IF(AE80=1,COUNTIF($AE$3:$AE80,1),"") -> #REF!
A81: Hide Site | B81: Operators HS | C81: V1 | D81: עמדת חוליה MRG 3 הדגמה | E81: =IFERROR(INDEX(הגדרות!$I$2:$I$47,MATCH(B81,הגדרות!$H$2:$H$47,0)),"") -> 9001-00 | F81: MRG | H81: Urban Green | I81: Woodland Brown | J81: כן | K81: כן | L81: כן | M81: כן | O81: כן | Q81: לא | S81: כן | T81: במלאי | U81: חסר קונסטרוקציה | Z81: =IFERROR(INDEX(הגדרות!$B$2:$B$17,MATCH(H81,הגדרות!$A$2:$A$17,0)),"") -> מיוער | AA81: =IFERROR(INDEX(הגדרות!$C$2:$C$17,MATCH(H81,הגדרות!$A$2:$A$17,0)),"") -> בולדר/שטח בנוי | AB81: =IFERROR(INDEX(הגדרות!$B$2:$B$17,MATCH(I81,הגדרות!$A$2:$A$17,0)),"") -> מיוער | AC81: =IFERROR(INDEX(הגדרות!$C$2:$C$17,MATCH(I81,הגדרות!$A$2:$A$17,0)),"") -> 0 | AD81: =IF(AND(מלאי!D55<>"",OR(#REF!="הכל",מלאי!Z55=#REF!,מלאי!AA55=#REF!,מלאי!AB55=#REF!,מלאי!AC55=#REF!),OR(#REF!="הכל",מלאי!A55=#REF!),OR(#REF!="הכל",מלאי!B55=#REF!),OR(#REF!="הכל",מלאי!F55=#REF!,מלאי!G55=#REF!),OR(#REF!="הכל",מלאי!T55=#REF!),OR(#REF!="הכל",מלאי!Q55=#REF!),OR(#REF!="הכל",מלאי!J55=#REF!),OR(#REF!="הכל",מלאי!L55=#REF!),OR(#REF!="הכל",מלאי!O55=#REF!),OR(#REF!="הכל",מלאי!R55=#REF!),OR(#REF!="הכל",#REF!="",מלאי!W55=#REF!),OR(#REF!="הכל",#REF!="",ISNUMBER(SEARCH(#REF!,מלאי!C55)))),1,0) -> #REF! | AE81: =IF(AND(מלאי!D55<>"",OR(#REF!="הכל",מלאי!Z55=#REF!,מלאי!AA55=#REF!,מלאי!AB55=#REF!,מלאי!AC55=#REF!),OR(#REF!="הכל",מלאי!A55=#REF!),OR(#REF!="הכל",מלאי!B55=#REF!),OR(#REF!="הכל",מלאי!F55=#REF!,מלאי!G55=#REF!),OR(#REF!="הכל",מלאי!T55=#REF!),OR(#REF!="הכל",מלאי!Q55=#REF!),OR(#REF!="הכל",מלאי!J55=#REF!),OR(#REF!="הכל",מלאי!L55=#REF!),OR(#REF!="הכל",מלאי!O55=#REF!),OR(#REF!="הכל",מלאי!R55=#REF!),OR(#REF!="הכל",#REF!="",מלאי!W55=#REF!),OR(#REF!="הכל",#REF!="",ISNUMBER(SEARCH(#REF!,מלאי!C55))),OR(#REF!="הכל",מלאי!#REF!=#REF!)),1,0) -> #REF! | AF81: =IF(AD81=1,COUNTIF($AD$3:$AD81,1),"") -> #REF! | AG81: =IF(AE81=1,COUNTIF($AE$3:$AE81,1),"") -> #REF!
A82: Hide Site | B82: Operators HS | C82: V1 | D82: Op HS 4 | E82: =IFERROR(INDEX(הגדרות!$I$2:$I$47,MATCH(B82,הגדרות!$H$2:$H$47,0)),"") -> 9001-00 | F82: MRG | H82: Urban Green | I82: Woodland Brown | J82: כן | K82: כן | L82: כן | M82: כן | O82: כן | Q82: לא | S82: כן | T82: במלאי | U82: חסר תומך | Z82: =IFERROR(INDEX(הגדרות!$B$2:$B$17,MATCH(H82,הגדרות!$A$2:$A$17,0)),"") -> מיוער | AA82: =IFERROR(INDEX(הגדרות!$C$2:$C$17,MATCH(H82,הגדרות!$A$2:$A$17,0)),"") -> בולדר/שטח בנוי | AB82: =IFERROR(INDEX(הגדרות!$B$2:$B$17,MATCH(I82,הגדרות!$A$2:$A$17,0)),"") -> מיוער | AC82: =IFERROR(INDEX(הגדרות!$C$2:$C$17,MATCH(I82,הגדרות!$A$2:$A$17,0)),"") -> 0 | AD82: =IF(AND(מלאי!D56<>"",OR(#REF!="הכל",מלאי!Z56=#REF!,מלאי!AA56=#REF!,מלאי!AB56=#REF!,מלאי!AC56=#REF!),OR(#REF!="הכל",מלאי!A56=#REF!),OR(#REF!="הכל",מלאי!B56=#REF!),OR(#REF!="הכל",מלאי!F56=#REF!,מלאי!G56=#REF!),OR(#REF!="הכל",מלאי!T56=#REF!),OR(#REF!="הכל",מלאי!Q56=#REF!),OR(#REF!="הכל",מלאי!J56=#REF!),OR(#REF!="הכל",מלאי!L56=#REF!),OR(#REF!="הכל",מלאי!O56=#REF!),OR(#REF!="הכל",מלאי!R56=#REF!),OR(#REF!="הכל",#REF!="",מלאי!W56=#REF!),OR(#REF!="הכל",#REF!="",ISNUMBER(SEARCH(#REF!,מלאי!C56)))),1,0) -> #REF! | AE82: =IF(AND(מלאי!D56<>"",OR(#REF!="הכל",מלאי!Z56=#REF!,מלאי!AA56=#REF!,מלאי!AB56=#REF!,מלאי!AC56=#REF!),OR(#REF!="הכל",מלאי!A56=#REF!),OR(#REF!="הכל",מלאי!B56=#REF!),OR(#REF!="הכל",מלאי!F56=#REF!,מלאי!G56=#REF!),OR(#REF!="הכל",מלאי!T56=#REF!),OR(#REF!="הכל",מלאי!Q56=#REF!),OR(#REF!="הכל",מלאי!J56=#REF!),OR(#REF!="הכל",מלאי!L56=#REF!),OR(#REF!="הכל",מלאי!O56=#REF!),OR(#REF!="הכל",מלאי!R56=#REF!),OR(#REF!="הכל",#REF!="",מלאי!W56=#REF!),OR(#REF!="הכל",#REF!="",ISNUMBER(SEARCH(#REF!,מלאי!C56))),OR(#REF!="הכל",מלאי!#REF!=#REF!)),1,0) -> #REF! | AF82: =IF(AD82=1,COUNTIF($AD$3:$AD82,1),"") -> #REF! | AG82: =IF(AE82=1,COUNTIF($AE$3:$AE82,1),"") -> #REF!
A83: Hide Site | B83: Operators HS | D83: ARC Op HS 6 | E83: =IFERROR(INDEX(הגדרות!$I$2:$I$47,MATCH(B83,הגדרות!$H$2:$H$47,0)),"") -> 9001-00 | F83: Mesh | H83: Fresh Snow | J83: כן | K83: כן | L83: כן | M83: כן | N83: כן | T83: במלאי | Z83: =IFERROR(INDEX(הגדרות!$B$2:$B$17,MATCH(H83,הגדרות!$A$2:$A$17,0)),"") -> שלג | AA83: =IFERROR(INDEX(הגדרות!$C$2:$C$17,MATCH(H83,הגדרות!$A$2:$A$17,0)),"") -> 0 | AB83: =IFERROR(INDEX(הגדרות!$B$2:$B$17,MATCH(I83,הגדרות!$A$2:$A$17,0)),"") | AC83: =IFERROR(INDEX(הגדרות!$C$2:$C$17,MATCH(I83,הגדרות!$A$2:$A$17,0)),"") | AD83: =IF(AND(מלאי!D112<>"",OR(#REF!="הכל",מלאי!Z112=#REF!,מלאי!AA112=#REF!,מלאי!AB112=#REF!,מלאי!AC112=#REF!),OR(#REF!="הכל",מלאי!A112=#REF!),OR(#REF!="הכל",מלאי!B112=#REF!),OR(#REF!="הכל",מלאי!F112=#REF!,מלאי!G112=#REF!),OR(#REF!="הכל",מלאי!T112=#REF!),OR(#REF!="הכל",מלאי!Q112=#REF!),OR(#REF!="הכל",מלאי!J112=#REF!),OR(#REF!="הכל",מלאי!L112=#REF!),OR(#REF!="הכל",מלאי!O112=#REF!),OR(#REF!="הכל",מלאי!R112=#REF!),OR(#REF!="הכל",#REF!="",מלאי!W112=#REF!),OR(#REF!="הכל",#REF!="",ISNUMBER(SEARCH(#REF!,מלאי!C112)))),1,0) -> #REF! | AE83: =IF(AND(מלאי!D112<>"",OR(#REF!="הכל",מלאי!Z112=#REF!,מלאי!AA112=#REF!,מלאי!AB112=#REF!,מלאי!AC112=#REF!),OR(#REF!="הכל",מלאי!A112=#REF!),OR(#REF!="הכל",מלאי!B112=#REF!),OR(#REF!="הכל",מלאי!F112=#REF!,מלאי!G112=#REF!),OR(#REF!="הכל",מלאי!T112=#REF!),OR(#REF!="הכל",מלאי!Q112=#REF!),OR(#REF!="הכל",מלאי!J112=#REF!),OR(#REF!="הכל",מלאי!L112=#REF!),OR(#REF!="הכל",מלאי!O112=#REF!),OR(#REF!="הכל",מלאי!R112=#REF!),OR(#REF!="הכל",#REF!="",מלאי!W112=#REF!),OR(#REF!="הכל",#REF!="",ISNUMBER(SEARCH(#REF!,מלאי!C112))),OR(#REF!="הכל",מלאי!#REF!=#REF!)),1,0) -> #REF! | AF83: =IF(AD83=1,COUNTIF($AD$3:$AD83,1),"") -> #REF! | AG83: =IF(AE83=1,COUNTIF($AE$3:$AE83,1),"") -> #REF!
A84: Hide Site | B84: Operators HS | D84: ARC Op HS 5 | E84: =IFERROR(INDEX(הגדרות!$I$2:$I$47,MATCH(B84,הגדרות!$H$2:$H$47,0)),"") -> 9001-00 | F84: RIPSTOP Double Layer | H84: Fresh Snow | J84: כן | K84: כן | L84: כן | M84: כן | N84: כן | T84: במלאי | Z84: =IFERROR(INDEX(הגדרות!$B$2:$B$17,MATCH(H84,הגדרות!$A$2:$A$17,0)),"") -> שלג | AA84: =IFERROR(INDEX(הגדרות!$C$2:$C$17,MATCH(H84,הגדרות!$A$2:$A$17,0)),"") -> 0 | AB84: =IFERROR(INDEX(הגדרות!$B$2:$B$17,MATCH(I84,הגדרות!$A$2:$A$17,0)),"") | AC84: =IFERROR(INDEX(הגדרות!$C$2:$C$17,MATCH(I84,הגדרות!$A$2:$A$17,0)),"") | AD84: =IF(AND(מלאי!D113<>"",OR(#REF!="הכל",מלאי!Z113=#REF!,מלאי!AA113=#REF!,מלאי!AB113=#REF!,מלאי!AC113=#REF!),OR(#REF!="הכל",מלאי!A113=#REF!),OR(#REF!="הכל",מלאי!B113=#REF!),OR(#REF!="הכל",מלאי!F113=#REF!,מלאי!G113=#REF!),OR(#REF!="הכל",מלאי!T113=#REF!),OR(#REF!="הכל",מלאי!Q113=#REF!),OR(#REF!="הכל",מלאי!J113=#REF!),OR(#REF!="הכל",מלאי!L113=#REF!),OR(#REF!="הכל",מלאי!O113=#REF!),OR(#REF!="הכל",מלאי!R113=#REF!),OR(#REF!="הכל",#REF!="",מלאי!W113=#REF!),OR(#REF!="הכל",#REF!="",ISNUMBER(SEARCH(#REF!,מלאי!C113)))),1,0) -> #REF! | AE84: =IF(AND(מלאי!D113<>"",OR(#REF!="הכל",מלאי!Z113=#REF!,מלאי!AA113=#REF!,מלאי!AB113=#REF!,מלאי!AC113=#REF!),OR(#REF!="הכל",מלאי!A113=#REF!),OR(#REF!="הכל",מלאי!B113=#REF!),OR(#REF!="הכל",מלאי!F113=#REF!,מלאי!G113=#REF!),OR(#REF!="הכל",מלאי!T113=#REF!),OR(#REF!="הכל",מלאי!Q113=#REF!),OR(#REF!="הכל",מלאי!J113=#REF!),OR(#REF!="הכל",מלאי!L113=#REF!),OR(#REF!="הכל",מלאי!O113=#REF!),OR(#REF!="הכל",מלאי!R113=#REF!),OR(#REF!="הכל",#REF!="",מלאי!W113=#REF!),OR(#REF!="הכל",#REF!="",ISNUMBER(SEARCH(#REF!,מלאי!C113))),OR(#REF!="הכל",מלאי!#REF!=#REF!)),1,0) -> #REF! | AF84: =IF(AD84=1,COUNTIF($AD$3:$AD84,1),"") -> #REF! | AG84: =IF(AE84=1,COUNTIF($AE$3:$AE84,1),"") -> #REF!
A85: Hide Site | B85: Operators HS | C85: V1 | D85: Op HS 7 | E85: 9001-00 | F85: רשת רכב | H85: Desert | I85: Desert-Green | J85: כן | L85: כן | M85: כן | O85: כן | Q85: לא | S85: לא | T85: במלאי
A86: Hide Site | B86: Operators HS | C86: V1 | D86: ARC Op HS sampels Snirt | E86: =IFERROR(INDEX(הגדרות!$I$2:$I$47,MATCH(B86,הגדרות!$H$2:$H$47,0)),"") -> 9001-00 | F86: RIPSTOP Double Layer | H86: Snirt Snow | J86: כן | K86: כן | L86: כן | M86: כן | N86: כן | T86: במלאי | Z86: =IFERROR(INDEX(הגדרות!$B$2:$B$17,MATCH(H86,הגדרות!$A$2:$A$17,0)),"") -> שלג | AA86: =IFERROR(INDEX(הגדרות!$C$2:$C$17,MATCH(H86,הגדרות!$A$2:$A$17,0)),"") -> 0 | AB86: =IFERROR(INDEX(הגדרות!$B$2:$B$17,MATCH(I86,הגדרות!$A$2:$A$17,0)),"") | AC86: =IFERROR(INDEX(הגדרות!$C$2:$C$17,MATCH(I86,הגדרות!$A$2:$A$17,0)),"") | AD86: =IF(AND(מלאי!D148<>"",OR(#REF!="הכל",מלאי!Z148=#REF!,מלאי!AA148=#REF!,מלאי!AB148=#REF!,מלאי!AC148=#REF!),OR(#REF!="הכל",מלאי!A148=#REF!),OR(#REF!="הכל",מלאי!B148=#REF!),OR(#REF!="הכל",מלאי!F148=#REF!,מלאי!G148=#REF!),OR(#REF!="הכל",מלאי!T148=#REF!),OR(#REF!="הכל",מלאי!Q148=#REF!),OR(#REF!="הכל",מלאי!J148=#REF!),OR(#REF!="הכל",מלאי!L148=#REF!),OR(#REF!="הכל",מלאי!O148=#REF!),OR(#REF!="הכל",מלאי!R148=#REF!),OR(#REF!="הכל",#REF!="",מלאי!W148=#REF!),OR(#REF!="הכל",#REF!="",ISNUMBER(SEARCH(#REF!,מלאי!C148)))),1,0) -> #REF! | AE86: =IF(AND(מלאי!D148<>"",OR(#REF!="הכל",מלאי!Z148=#REF!,מלאי!AA148=#REF!,מלאי!AB148=#REF!,מלאי!AC148=#REF!),OR(#REF!="הכל",מלאי!A148=#REF!),OR(#REF!="הכל",מלאי!B148=#REF!),OR(#REF!="הכל",מלאי!F148=#REF!,מלאי!G148=#REF!),OR(#REF!="הכל",מלאי!T148=#REF!),OR(#REF!="הכל",מלאי!Q148=#REF!),OR(#REF!="הכל",מלאי!J148=#REF!),OR(#REF!="הכל",מלאי!L148=#REF!),OR(#REF!="הכל",מלאי!O148=#REF!),OR(#REF!="הכל",מלאי!R148=#REF!),OR(#REF!="הכל",#REF!="",מלאי!W148=#REF!),OR(#REF!="הכל",#REF!="",ISNUMBER(SEARCH(#REF!,מלאי!C148))),OR(#REF!="הכל",מלאי!#REF!=#REF!)),1,0) -> #REF! | AF86: =IF(AD86=1,COUNTIF($AD$3:$AD86,1),"") -> #REF! | AG86: =IF(AE86=1,COUNTIF($AE$3:$AE86,1),"") -> #REF!
A87: Hide Site | B87: Operators HS | C87: V1 | D87: ARC Op HS sampels Fresh | E87: =IFERROR(INDEX(הגדרות!$I$2:$I$47,MATCH(B87,הגדרות!$H$2:$H$47,0)),"") -> 9001-00 | F87: RIPSTOP Double Layer | H87: Fresh Snow | J87: כן | K87: כן | L87: כן | M87: כן | N87: כן | T87: במלאי | Z87: =IFERROR(INDEX(הגדרות!$B$2:$B$17,MATCH(H87,הגדרות!$A$2:$A$17,0)),"") -> שלג | AA87: =IFERROR(INDEX(הגדרות!$C$2:$C$17,MATCH(H87,הגדרות!$A$2:$A$17,0)),"") -> 0 | AB87: =IFERROR(INDEX(הגדרות!$B$2:$B$17,MATCH(I87,הגדרות!$A$2:$A$17,0)),"") | AC87: =IFERROR(INDEX(הגדרות!$C$2:$C$17,MATCH(I87,הגדרות!$A$2:$A$17,0)),"") | AD87: =IF(AND(מלאי!D153<>"",OR(#REF!="הכל",מלאי!Z153=#REF!,מלאי!AA153=#REF!,מלאי!AB153=#REF!,מלאי!AC153=#REF!),OR(#REF!="הכל",מלאי!A153=#REF!),OR(#REF!="הכל",מלאי!B153=#REF!),OR(#REF!="הכל",מלאי!F153=#REF!,מלאי!G153=#REF!),OR(#REF!="הכל",מלאי!T153=#REF!),OR(#REF!="הכל",מלאי!Q153=#REF!),OR(#REF!="הכל",מלאי!J153=#REF!),OR(#REF!="הכל",מלאי!L153=#REF!),OR(#REF!="הכל",מלאי!O153=#REF!),OR(#REF!="הכל",מלאי!R153=#REF!),OR(#REF!="הכל",#REF!="",מלאי!W153=#REF!),OR(#REF!="הכל",#REF!="",ISNUMBER(SEARCH(#REF!,מלאי!C153)))),1,0) -> #REF! | AE87: =IF(AND(מלאי!D153<>"",OR(#REF!="הכל",מלאי!Z153=#REF!,מלאי!AA153=#REF!,מלאי!AB153=#REF!,מלאי!AC153=#REF!),OR(#REF!="הכל",מלאי!A153=#REF!),OR(#REF!="הכל",מלאי!B153=#REF!),OR(#REF!="הכל",מלאי!F153=#REF!,מלאי!G153=#REF!),OR(#REF!="הכל",מלאי!T153=#REF!),OR(#REF!="הכל",מלאי!Q153=#REF!),OR(#REF!="הכל",מלאי!J153=#REF!),OR(#REF!="הכל",מלאי!L153=#REF!),OR(#REF!="הכל",מלאי!O153=#REF!),OR(#REF!="הכל",מלאי!R153=#REF!),OR(#REF!="הכל",#REF!="",מלאי!W153=#REF!),OR(#REF!="הכל",#REF!="",ISNUMBER(SEARCH(#REF!,מלאי!C153))),OR(#REF!="הכל",מלאי!#REF!=#REF!)),1,0) -> #REF! | AF87: =IF(AD87=1,COUNTIF($AD$3:$AD87,1),"") -> #REF! | AG87: =IF(AE87=1,COUNTIF($AE$3:$AE87,1),"") -> #REF!
A88: Hide Site | B88: OverWatch (ATGM) HS | C88: V1 | D88: overwatch 1 | E88: =IFERROR(INDEX(הגדרות!$I$2:$I$47,MATCH(B88,הגדרות!$H$2:$H$47,0)),"") -> 9004-01 | F88: רשת רכב | H88: Desert-Green | I88: Desert | J88: כן | K88: כן | L88: כן | M88: כן | N88: כן | T88: במלאי | Z88: =IFERROR(INDEX(הגדרות!$B$2:$B$17,MATCH(H88,הגדרות!$A$2:$A$17,0)),"") -> מדברי | AA88: =IFERROR(INDEX(הגדרות!$C$2:$C$17,MATCH(H88,הגדרות!$A$2:$A$17,0)),"") -> 0 | AB88: =IFERROR(INDEX(הגדרות!$B$2:$B$17,MATCH(I88,הגדרות!$A$2:$A$17,0)),"") -> מדברי | AC88: =IFERROR(INDEX(הגדרות!$C$2:$C$17,MATCH(I88,הגדרות!$A$2:$A$17,0)),"") -> 0 | AD88: =IF(AND(מלאי!D91<>"",OR(#REF!="הכל",מלאי!Z91=#REF!,מלאי!AA91=#REF!,מלאי!AB91=#REF!,מלאי!AC91=#REF!),OR(#REF!="הכל",מלאי!A91=#REF!),OR(#REF!="הכל",מלאי!B91=#REF!),OR(#REF!="הכל",מלאי!F91=#REF!,מלאי!G91=#REF!),OR(#REF!="הכל",מלאי!T91=#REF!),OR(#REF!="הכל",מלאי!Q91=#REF!),OR(#REF!="הכל",מלאי!J91=#REF!),OR(#REF!="הכל",מלאי!L91=#REF!),OR(#REF!="הכל",מלאי!O91=#REF!),OR(#REF!="הכל",מלאי!R91=#REF!),OR(#REF!="הכל",#REF!="",מלאי!W91=#REF!),OR(#REF!="הכל",#REF!="",ISNUMBER(SEARCH(#REF!,מלאי!C91)))),1,0) -> #REF! | AE88: =IF(AND(מלאי!D91<>"",OR(#REF!="הכל",מלאי!Z91=#REF!,מלאי!AA91=#REF!,מלאי!AB91=#REF!,מלאי!AC91=#REF!),OR(#REF!="הכל",מלאי!A91=#REF!),OR(#REF!="הכל",מלאי!B91=#REF!),OR(#REF!="הכל",מלאי!F91=#REF!,מלאי!G91=#REF!),OR(#REF!="הכל",מלאי!T91=#REF!),OR(#REF!="הכל",מלאי!Q91=#REF!),OR(#REF!="הכל",מלאי!J91=#REF!),OR(#REF!="הכל",מלאי!L91=#REF!),OR(#REF!="הכל",מלאי!O91=#REF!),OR(#REF!="הכל",מלאי!R91=#REF!),OR(#REF!="הכל",#REF!="",מלאי!W91=#REF!),OR(#REF!="הכל",#REF!="",ISNUMBER(SEARCH(#REF!,מלאי!C91))),OR(#REF!="הכל",מלאי!#REF!=#REF!)),1,0) -> #REF! | AF88: =IF(AD88=1,COUNTIF($AD$3:$AD88,1),"") -> #REF! | AG88: =IF(AE88=1,COUNTIF($AE$3:$AE88,1),"") -> #REF!
A89: Hide Site | B89: OverWatch (ATGM) HS | C89: V1 | D89: overwatch 2 | E89: =IFERROR(INDEX(הגדרות!$I$2:$I$47,MATCH(B89,הגדרות!$H$2:$H$47,0)),"") -> 9004-01 | F89: רשת רכב | H89: Desert-Green | I89: Desert | J89: כן | K89: כן | L89: כן | M89: כן | N89: כן | T89: במלאי | Z89: =IFERROR(INDEX(הגדרות!$B$2:$B$17,MATCH(H89,הגדרות!$A$2:$A$17,0)),"") -> מדברי | AA89: =IFERROR(INDEX(הגדרות!$C$2:$C$17,MATCH(H89,הגדרות!$A$2:$A$17,0)),"") -> 0 | AB89: =IFERROR(INDEX(הגדרות!$B$2:$B$17,MATCH(I89,הגדרות!$A$2:$A$17,0)),"") -> מדברי | AC89: =IFERROR(INDEX(הגדרות!$C$2:$C$17,MATCH(I89,הגדרות!$A$2:$A$17,0)),"") -> 0 | AD89: =IF(AND(מלאי!D92<>"",OR(#REF!="הכל",מלאי!Z92=#REF!,מלאי!AA92=#REF!,מלאי!AB92=#REF!,מלאי!AC92=#REF!),OR(#REF!="הכל",מלאי!A92=#REF!),OR(#REF!="הכל",מלאי!B92=#REF!),OR(#REF!="הכל",מלאי!F92=#REF!,מלאי!G92=#REF!),OR(#REF!="הכל",מלאי!T92=#REF!),OR(#REF!="הכל",מלאי!Q92=#REF!),OR(#REF!="הכל",מלאי!J92=#REF!),OR(#REF!="הכל",מלאי!L92=#REF!),OR(#REF!="הכל",מלאי!O92=#REF!),OR(#REF!="הכל",מלאי!R92=#REF!),OR(#REF!="הכל",#REF!="",מלאי!W92=#REF!),OR(#REF!="הכל",#REF!="",ISNUMBER(SEARCH(#REF!,מלאי!C92)))),1,0) -> #REF! | AE89: =IF(AND(מלאי!D92<>"",OR(#REF!="הכל",מלאי!Z92=#REF!,מלאי!AA92=#REF!,מלאי!AB92=#REF!,מלאי!AC92=#REF!),OR(#REF!="הכל",מלאי!A92=#REF!),OR(#REF!="הכל",מלאי!B92=#REF!),OR(#REF!="הכל",מלאי!F92=#REF!,מלאי!G92=#REF!),OR(#REF!="הכל",מלאי!T92=#REF!),OR(#REF!="הכל",מלאי!Q92=#REF!),OR(#REF!="הכל",מלאי!J92=#REF!),OR(#REF!="הכל",מלאי!L92=#REF!),OR(#REF!="הכל",מלאי!O92=#REF!),OR(#REF!="הכל",מלאי!R92=#REF!),OR(#REF!="הכל",#REF!="",מלאי!W92=#REF!),OR(#REF!="הכל",#REF!="",ISNUMBER(SEARCH(#REF!,מלאי!C92))),OR(#REF!="הכל",מלאי!#REF!=#REF!)),1,0) -> #REF! | AF89: =IF(AD89=1,COUNTIF($AD$3:$AD89,1),"") -> #REF! | AG89: =IF(AE89=1,COUNTIF($AE$3:$AE89,1),"") -> #REF!
A90: Hide Site | B90: OverWatch (ATGM) HS | C90: V1 | D90: overwatch 3 | E90: =IFERROR(INDEX(הגדרות!$I$2:$I$47,MATCH(B90,הגדרות!$H$2:$H$47,0)),"") -> 9004-01 | F90: רשת רכב | H90: Ever-Green | I90: Desert | J90: כן | K90: כן | O90: כן | P90: ללא תומך | Q90: לא | T90: במלאי | Z90: =IFERROR(INDEX(הגדרות!$B$2:$B$17,MATCH(H90,הגדרות!$A$2:$A$17,0)),"") -> מיוער | AA90: =IFERROR(INDEX(הגדרות!$C$2:$C$17,MATCH(H90,הגדרות!$A$2:$A$17,0)),"") -> 0 | AB90: =IFERROR(INDEX(הגדרות!$B$2:$B$17,MATCH(I90,הגדרות!$A$2:$A$17,0)),"") -> מדברי | AC90: =IFERROR(INDEX(הגדרות!$C$2:$C$17,MATCH(I90,הגדרות!$A$2:$A$17,0)),"") -> 0 | AD90: =IF(AND(מלאי!D130<>"",OR(#REF!="הכל",מלאי!Z130=#REF!,מלאי!AA130=#REF!,מלאי!AB130=#REF!,מלאי!AC130=#REF!),OR(#REF!="הכל",מלאי!A130=#REF!),OR(#REF!="הכל",מלאי!B130=#REF!),OR(#REF!="הכל",מלאי!F130=#REF!,מלאי!G130=#REF!),OR(#REF!="הכל",מלאי!T130=#REF!),OR(#REF!="הכל",מלאי!Q130=#REF!),OR(#REF!="הכל",מלאי!J130=#REF!),OR(#REF!="הכל",מלאי!L130=#REF!),OR(#REF!="הכל",מלאי!O130=#REF!),OR(#REF!="הכל",מלאי!R130=#REF!),OR(#REF!="הכל",#REF!="",מלאי!W130=#REF!),OR(#REF!="הכל",#REF!="",ISNUMBER(SEARCH(#REF!,מלאי!C130)))),1,0) -> #REF! | AE90: =IF(AND(מלאי!D130<>"",OR(#REF!="הכל",מלאי!Z130=#REF!,מלאי!AA130=#REF!,מלאי!AB130=#REF!,מלאי!AC130=#REF!),OR(#REF!="הכל",מלאי!A130=#REF!),OR(#REF!="הכל",מלאי!B130=#REF!),OR(#REF!="הכל",מלאי!F130=#REF!,מלאי!G130=#REF!),OR(#REF!="הכל",מלאי!T130=#REF!),OR(#REF!="הכל",מלאי!Q130=#REF!),OR(#REF!="הכל",מלאי!J130=#REF!),OR(#REF!="הכל",מלאי!L130=#REF!),OR(#REF!="הכל",מלאי!O130=#REF!),OR(#REF!="הכל",מלאי!R130=#REF!),OR(#REF!="הכל",#REF!="",מלאי!W130=#REF!),OR(#REF!="הכל",#REF!="",ISNUMBER(SEARCH(#REF!,מלאי!C130))),OR(#REF!="הכל",מלאי!#REF!=#REF!)),1,0) -> #REF! | AF90: =IF(AD90=1,COUNTIF($AD$3:$AD90,1),"") -> #REF! | AG90: =IF(AE90=1,COUNTIF($AE$3:$AE90,1),"") -> #REF!
A91: Hide Site | B91: OverWatch (ATGM) HS | C91: V1 | D91: overwatch 4 | E91: =IFERROR(INDEX(הגדרות!$I$2:$I$47,MATCH(B91,הגדרות!$H$2:$H$47,0)),"") -> 9004-01 | F91: רשת רכב | H91: Ever-Green | I91: Desert | J91: כן | K91: כן | O91: כן | P91: ללא תומך | Q91: לא | T91: במלאי | U91: חסר 2 קונסטרוקציה | Z91: =IFERROR(INDEX(הגדרות!$B$2:$B$17,MATCH(H91,הגדרות!$A$2:$A$17,0)),"") -> מיוער | AA91: =IFERROR(INDEX(הגדרות!$C$2:$C$17,MATCH(H91,הגדרות!$A$2:$A$17,0)),"") -> 0 | AB91: =IFERROR(INDEX(הגדרות!$B$2:$B$17,MATCH(I91,הגדרות!$A$2:$A$17,0)),"") -> מדברי | AC91: =IFERROR(INDEX(הגדרות!$C$2:$C$17,MATCH(I91,הגדרות!$A$2:$A$17,0)),"") -> 0 | AD91: =IF(AND(מלאי!D131<>"",OR(#REF!="הכל",מלאי!Z131=#REF!,מלאי!AA131=#REF!,מלאי!AB131=#REF!,מלאי!AC131=#REF!),OR(#REF!="הכל",מלאי!A131=#REF!),OR(#REF!="הכל",מלאי!B131=#REF!),OR(#REF!="הכל",מלאי!F131=#REF!,מלאי!G131=#REF!),OR(#REF!="הכל",מלאי!T131=#REF!),OR(#REF!="הכל",מלאי!Q131=#REF!),OR(#REF!="הכל",מלאי!J131=#REF!),OR(#REF!="הכל",מלאי!L131=#REF!),OR(#REF!="הכל",מלאי!O131=#REF!),OR(#REF!="הכל",מלאי!R131=#REF!),OR(#REF!="הכל",#REF!="",מלאי!W131=#REF!),OR(#REF!="הכל",#REF!="",ISNUMBER(SEARCH(#REF!,מלאי!C131)))),1,0) -> #REF! | AE91: =IF(AND(מלאי!D131<>"",OR(#REF!="הכל",מלאי!Z131=#REF!,מלאי!AA131=#REF!,מלאי!AB131=#REF!,מלאי!AC131=#REF!),OR(#REF!="הכל",מלאי!A131=#REF!),OR(#REF!="הכל",מלאי!B131=#REF!),OR(#REF!="הכל",מלאי!F131=#REF!,מלאי!G131=#REF!),OR(#REF!="הכל",מלאי!T131=#REF!),OR(#REF!="הכל",מלאי!Q131=#REF!),OR(#REF!="הכל",מלאי!J131=#REF!),OR(#REF!="הכל",מלאי!L131=#REF!),OR(#REF!="הכל",מלאי!O131=#REF!),OR(#REF!="הכל",מלאי!R131=#REF!),OR(#REF!="הכל",#REF!="",מלאי!W131=#REF!),OR(#REF!="הכל",#REF!="",ISNUMBER(SEARCH(#REF!,מלאי!C131))),OR(#REF!="הכל",מלאי!#REF!=#REF!)),1,0) -> #REF! | AF91: =IF(AD91=1,COUNTIF($AD$3:$AD91,1),"") -> #REF! | AG91: =IF(AE91=1,COUNTIF($AE$3:$AE91,1),"") -> #REF!
A92: Hide Site | B92: OverWatch (ATGM) HS | C92: V1 | D92: overwatch 5 | E92: =IFERROR(INDEX(הגדרות!$I$2:$I$47,MATCH(B92,הגדרות!$H$2:$H$47,0)),"") -> 9004-01 | F92: רשת רכב | H92: Ever-Green | I92: Desert | J92: כן | K92: כן | O92: כן | P92: ללא תומך | Q92: לא | T92: במלאי | U92: חסר 2 קונסטרוקציה | Z92: =IFERROR(INDEX(הגדרות!$B$2:$B$17,MATCH(H92,הגדרות!$A$2:$A$17,0)),"") -> מיוער | AA92: =IFERROR(INDEX(הגדרות!$C$2:$C$17,MATCH(H92,הגדרות!$A$2:$A$17,0)),"") -> 0 | AB92: =IFERROR(INDEX(הגדרות!$B$2:$B$17,MATCH(I92,הגדרות!$A$2:$A$17,0)),"") -> מדברי | AC92: =IFERROR(INDEX(הגדרות!$C$2:$C$17,MATCH(I92,הגדרות!$A$2:$A$17,0)),"") -> 0 | AD92: =IF(AND(מלאי!D132<>"",OR(#REF!="הכל",מלאי!Z132=#REF!,מלאי!AA132=#REF!,מלאי!AB132=#REF!,מלאי!AC132=#REF!),OR(#REF!="הכל",מלאי!A132=#REF!),OR(#REF!="הכל",מלאי!B132=#REF!),OR(#REF!="הכל",מלאי!F132=#REF!,מלאי!G132=#REF!),OR(#REF!="הכל",מלאי!T132=#REF!),OR(#REF!="הכל",מלאי!Q132=#REF!),OR(#REF!="הכל",מלאי!J132=#REF!),OR(#REF!="הכל",מלאי!L132=#REF!),OR(#REF!="הכל",מלאי!O132=#REF!),OR(#REF!="הכל",מלאי!R132=#REF!),OR(#REF!="הכל",#REF!="",מלאי!W132=#REF!),OR(#REF!="הכל",#REF!="",ISNUMBER(SEARCH(#REF!,מלאי!C132)))),1,0) -> #REF! | AE92: =IF(AND(מלאי!D132<>"",OR(#REF!="הכל",מלאי!Z132=#REF!,מלאי!AA132=#REF!,מלאי!AB132=#REF!,מלאי!AC132=#REF!),OR(#REF!="הכל",מלאי!A132=#REF!),OR(#REF!="הכל",מלאי!B132=#REF!),OR(#REF!="הכל",מלאי!F132=#REF!,מלאי!G132=#REF!),OR(#REF!="הכל",מלאי!T132=#REF!),OR(#REF!="הכל",מלאי!Q132=#REF!),OR(#REF!="הכל",מלאי!J132=#REF!),OR(#REF!="הכל",מלאי!L132=#REF!),OR(#REF!="הכל",מלאי!O132=#REF!),OR(#REF!="הכל",מלאי!R132=#REF!),OR(#REF!="הכל",#REF!="",מלאי!W132=#REF!),OR(#REF!="הכל",#REF!="",ISNUMBER(SEARCH(#REF!,מלאי!C132))),OR(#REF!="הכל",מלאי!#REF!=#REF!)),1,0) -> #REF! | AF92: =IF(AD92=1,COUNTIF($AD$3:$AD92,1),"") -> #REF! | AG92: =IF(AE92=1,COUNTIF($AE$3:$AE92,1),"") -> #REF!
A93: Hide Site | B93: OverWatch (ATGM) HS | C93: V1 | D93: overwatch 6 BETI | E93: =IFERROR(INDEX(הגדרות!$I$2:$I$47,MATCH(B93,הגדרות!$H$2:$H$47,0)),"") -> 9004-01 | F93: Beti | H93: Ever-Green | I93: Desert | J93: כן | K93: כן | O93: כן | P93: ללא תומך | Q93: לא | T93: במלאי | U93: חסר 2 קונסטרוקציה | Z93: =IFERROR(INDEX(הגדרות!$B$2:$B$17,MATCH(H93,הגדרות!$A$2:$A$17,0)),"") -> מיוער | AA93: =IFERROR(INDEX(הגדרות!$C$2:$C$17,MATCH(H93,הגדרות!$A$2:$A$17,0)),"") -> 0 | AB93: =IFERROR(INDEX(הגדרות!$B$2:$B$17,MATCH(I93,הגדרות!$A$2:$A$17,0)),"") -> מדברי | AC93: =IFERROR(INDEX(הגדרות!$C$2:$C$17,MATCH(I93,הגדרות!$A$2:$A$17,0)),"") -> 0 | AD93: =IF(AND(מלאי!D133<>"",OR(#REF!="הכל",מלאי!Z133=#REF!,מלאי!AA133=#REF!,מלאי!AB133=#REF!,מלאי!AC133=#REF!),OR(#REF!="הכל",מלאי!A133=#REF!),OR(#REF!="הכל",מלאי!B133=#REF!),OR(#REF!="הכל",מלאי!F133=#REF!,מלאי!G133=#REF!),OR(#REF!="הכל",מלאי!T133=#REF!),OR(#REF!="הכל",מלאי!Q133=#REF!),OR(#REF!="הכל",מלאי!J133=#REF!),OR(#REF!="הכל",מלאי!L133=#REF!),OR(#REF!="הכל",מלאי!O133=#REF!),OR(#REF!="הכל",מלאי!R133=#REF!),OR(#REF!="הכל",#REF!="",מלאי!W133=#REF!),OR(#REF!="הכל",#REF!="",ISNUMBER(SEARCH(#REF!,מלאי!C133)))),1,0) -> #REF! | AE93: =IF(AND(מלאי!D133<>"",OR(#REF!="הכל",מלאי!Z133=#REF!,מלאי!AA133=#REF!,מלאי!AB133=#REF!,מלאי!AC133=#REF!),OR(#REF!="הכל",מלאי!A133=#REF!),OR(#REF!="הכל",מלאי!B133=#REF!),OR(#REF!="הכל",מלאי!F133=#REF!,מלאי!G133=#REF!),OR(#REF!="הכל",מלאי!T133=#REF!),OR(#REF!="הכל",מלאי!Q133=#REF!),OR(#REF!="הכל",מלאי!J133=#REF!),OR(#REF!="הכל",מלאי!L133=#REF!),OR(#REF!="הכל",מלאי!O133=#REF!),OR(#REF!="הכל",מלאי!R133=#REF!),OR(#REF!="הכל",#REF!="",מלאי!W133=#REF!),OR(#REF!="הכל",#REF!="",ISNUMBER(SEARCH(#REF!,מלאי!C133))),OR(#REF!="הכל",מלאי!#REF!=#REF!)),1,0) -> #REF! | AF93: =IF(AD93=1,COUNTIF($AD$3:$AD93,1),"") -> #REF! | AG93: =IF(AE93=1,COUNTIF($AE$3:$AE93,1),"") -> #REF!
A94: Platform Hide Site | B94: OverWatch (ATGM) HS | C94: V1 | D94: overwatch 7 | E94: =IFERROR(INDEX(הגדרות!$I$2:$I$47,MATCH(B94,הגדרות!$H$2:$H$47,0)),"") -> 9004-01 | F94: רשת רכב | H94: Desert-Green | I94: Desert | J94: כן | K94: כן | P94: ללא תומך | S94: כן | T94: במלאי | U94: ללא תומך עם רשת לקטים (2024) | Z94: =IFERROR(INDEX(הגדרות!$B$2:$B$17,MATCH(H94,הגדרות!$A$2:$A$17,0)),"") -> מדברי | AA94: =IFERROR(INDEX(הגדרות!$C$2:$C$17,MATCH(H94,הגדרות!$A$2:$A$17,0)),"") -> 0 | AB94: =IFERROR(INDEX(הגדרות!$B$2:$B$17,MATCH(I94,הגדרות!$A$2:$A$17,0)),"") -> מדברי | AC94: =IFERROR(INDEX(הגדרות!$C$2:$C$17,MATCH(I94,הגדרות!$A$2:$A$17,0)),"") -> 0 | AD94: =IF(AND(מלאי!D145<>"",OR(#REF!="הכל",מלאי!Z145=#REF!,מלאי!AA145=#REF!,מלאי!AB145=#REF!,מלאי!AC145=#REF!),OR(#REF!="הכל",מלאי!A145=#REF!),OR(#REF!="הכל",מלאי!B145=#REF!),OR(#REF!="הכל",מלאי!F145=#REF!,מלאי!G145=#REF!),OR(#REF!="הכל",מלאי!T144=#REF!),OR(#REF!="הכל",מלאי!Q145=#REF!),OR(#REF!="הכל",מלאי!J145=#REF!),OR(#REF!="הכל",מלאי!L145=#REF!),OR(#REF!="הכל",מלאי!O145=#REF!),OR(#REF!="הכל",מלאי!R145=#REF!),OR(#REF!="הכל",#REF!="",מלאי!W145=#REF!),OR(#REF!="הכל",#REF!="",ISNUMBER(SEARCH(#REF!,מלאי!C145)))),1,0) -> #REF! | AE94: =IF(AND(מלאי!D145<>"",OR(#REF!="הכל",מלאי!Z145=#REF!,מלאי!AA145=#REF!,מלאי!AB145=#REF!,מלאי!AC145=#REF!),OR(#REF!="הכל",מלאי!A145=#REF!),OR(#REF!="הכל",מלאי!B145=#REF!),OR(#REF!="הכל",מלאי!F145=#REF!,מלאי!G145=#REF!),OR(#REF!="הכל",מלאי!T144=#REF!),OR(#REF!="הכל",מלאי!Q145=#REF!),OR(#REF!="הכל",מלאי!J145=#REF!),OR(#REF!="הכל",מלאי!L145=#REF!),OR(#REF!="הכל",מלאי!O145=#REF!),OR(#REF!="הכל",מלאי!R145=#REF!),OR(#REF!="הכל",#REF!="",מלאי!W145=#REF!),OR(#REF!="הכל",#REF!="",ISNUMBER(SEARCH(#REF!,מלאי!C145))),OR(#REF!="הכל",מלאי!#REF!=#REF!)),1,0) -> #REF! | AF94: =IF(AD94=1,COUNTIF($AD$3:$AD94,1),"") -> #REF! | AG94: =IF(AE94=1,COUNTIF($AE$3:$AE94,1),"") -> #REF!
A95: Platform Hide Site | B95: OverWatch (ATGM) HS | C95: V1 | D95: overwatch 8 | E95: =IFERROR(INDEX(הגדרות!$I$2:$I$47,MATCH(#REF!,הגדרות!$H$2:$H$47,0)),"") | F95: רשת רכב | H95: Desert-Green | I95: Desert | J95: כן | K95: כן | T95: במלאי | U95: חסר קונסטרוקציה ותומך | Z95: =IFERROR(INDEX(הגדרות!$B$2:$B$17,MATCH(H95,הגדרות!$A$2:$A$17,0)),"") -> מדברי | AA95: =IFERROR(INDEX(הגדרות!$C$2:$C$17,MATCH(H95,הגדרות!$A$2:$A$17,0)),"") -> 0 | AB95: =IFERROR(INDEX(הגדרות!$B$2:$B$17,MATCH(I95,הגדרות!$A$2:$A$17,0)),"") -> מדברי | AC95: =IFERROR(INDEX(הגדרות!$C$2:$C$17,MATCH(I95,הגדרות!$A$2:$A$17,0)),"") -> 0 | AD95: =IF(AND(מלאי!D146<>"",OR(#REF!="הכל",מלאי!Z146=#REF!,מלאי!AA146=#REF!,מלאי!AB146=#REF!,מלאי!AC146=#REF!),OR(#REF!="הכל",מלאי!A146=#REF!),OR(#REF!="הכל",מלאי!#REF!=#REF!),OR(#REF!="הכל",מלאי!F146=#REF!,מלאי!G146=#REF!),OR(#REF!="הכל",מלאי!T146=#REF!),OR(#REF!="הכל",מלאי!Q146=#REF!),OR(#REF!="הכל",מלאי!J146=#REF!),OR(#REF!="הכל",מלאי!L146=#REF!),OR(#REF!="הכל",מלאי!O146=#REF!),OR(#REF!="הכל",מלאי!R146=#REF!),OR(#REF!="הכל",#REF!="",מלאי!W146=#REF!),OR(#REF!="הכל",#REF!="",ISNUMBER(SEARCH(#REF!,מלאי!C146)))),1,0) -> #REF! | AE95: =IF(AND(מלאי!D146<>"",OR(#REF!="הכל",מלאי!Z146=#REF!,מלאי!AA146=#REF!,מלאי!AB146=#REF!,מלאי!AC146=#REF!),OR(#REF!="הכל",מלאי!A146=#REF!),OR(#REF!="הכל",מלאי!#REF!=#REF!),OR(#REF!="הכל",מלאי!F146=#REF!,מלאי!G146=#REF!),OR(#REF!="הכל",מלאי!T146=#REF!),OR(#REF!="הכל",מלאי!Q146=#REF!),OR(#REF!="הכל",מלאי!J146=#REF!),OR(#REF!="הכל",מלאי!L146=#REF!),OR(#REF!="הכל",מלאי!O146=#REF!),OR(#REF!="הכל",מלאי!R146=#REF!),OR(#REF!="הכל",#REF!="",מלאי!W146=#REF!),OR(#REF!="הכל",#REF!="",ISNUMBER(SEARCH(#REF!,מלאי!C146))),OR(#REF!="הכל",מלאי!#REF!=#REF!)),1,0) -> #REF! | AF95: =IF(AD95=1,COUNTIF($AD$3:$AD95,1),"") -> #REF! | AG95: =IF(AE95=1,COUNTIF($AE$3:$AE95,1),"") -> #REF!
A96: Uniform | B96: Pants | C96: Less is More | D96: UNI 007 | E96: =IFERROR(INDEX(הגדרות!$I$2:$I$47,MATCH(B96,הגדרות!$H$2:$H$47,0)),"") -> 0 | F96: Stretch | H96: Marine | J96: כן | P96: קצת דהוי | R96: L | T96: במלאי | Z96: =IFERROR(INDEX(הגדרות!$B$2:$B$17,MATCH(H96,הגדרות!$A$2:$A$17,0)),"") -> ימי | AA96: =IFERROR(INDEX(הגדרות!$C$2:$C$17,MATCH(H96,הגדרות!$A$2:$A$17,0)),"") -> 0 | AB96: =IFERROR(INDEX(הגדרות!$B$2:$B$17,MATCH(I96,הגדרות!$A$2:$A$17,0)),"") | AC96: =IFERROR(INDEX(הגדרות!$C$2:$C$17,MATCH(I96,הגדרות!$A$2:$A$17,0)),"") | AD96: =IF(AND(מלאי!D103<>"",OR(#REF!="הכל",מלאי!Z103=#REF!,מלאי!AA103=#REF!,מלאי!AB103=#REF!,מלאי!AC103=#REF!),OR(#REF!="הכל",מלאי!A103=#REF!),OR(#REF!="הכל",מלאי!B103=#REF!),OR(#REF!="הכל",מלאי!F103=#REF!,מלאי!G103=#REF!),OR(#REF!="הכל",מלאי!T103=#REF!),OR(#REF!="הכל",מלאי!Q103=#REF!),OR(#REF!="הכל",מלאי!J103=#REF!),OR(#REF!="הכל",מלאי!L103=#REF!),OR(#REF!="הכל",מלאי!O103=#REF!),OR(#REF!="הכל",מלאי!R103=#REF!),OR(#REF!="הכל",#REF!="",מלאי!W103=#REF!),OR(#REF!="הכל",#REF!="",ISNUMBER(SEARCH(#REF!,מלאי!C103)))),1,0) -> #REF! | AE96: =IF(AND(מלאי!D103<>"",OR(#REF!="הכל",מלאי!Z103=#REF!,מלאי!AA103=#REF!,מלאי!AB103=#REF!,מלאי!AC103=#REF!),OR(#REF!="הכל",מלאי!A103=#REF!),OR(#REF!="הכל",מלאי!B103=#REF!),OR(#REF!="הכל",מלאי!F103=#REF!,מלאי!G103=#REF!),OR(#REF!="הכל",מלאי!T103=#REF!),OR(#REF!="הכל",מלאי!Q103=#REF!),OR(#REF!="הכל",מלאי!J103=#REF!),OR(#REF!="הכל",מלאי!L103=#REF!),OR(#REF!="הכל",מלאי!O103=#REF!),OR(#REF!="הכל",מלאי!R103=#REF!),OR(#REF!="הכל",#REF!="",מלאי!W103=#REF!),OR(#REF!="הכל",#REF!="",ISNUMBER(SEARCH(#REF!,מלאי!C103))),OR(#REF!="הכל",מלאי!#REF!=#REF!)),1,0) -> #REF! | AF96: =IF(AD96=1,COUNTIF($AD$3:$AD96,1),"") -> #REF! | AG96: =IF(AE96=1,COUNTIF($AE$3:$AE96,1),"") -> #REF!
A97: Uniform | B97: Pants | D97: UNI 005 | E97: =IFERROR(INDEX(הגדרות!$I$2:$I$47,MATCH(B97,הגדרות!$H$2:$H$47,0)),"") -> 0 | F97: Stretch | H97: Kestrel | J97: לא | R97: XL | T97: במלאי | U97: עם כתמי חלודה | Z97: =IFERROR(INDEX(הגדרות!$B$2:$B$17,MATCH(H97,הגדרות!$A$2:$A$17,0)),"") -> מיוער | AA97: =IFERROR(INDEX(הגדרות!$C$2:$C$17,MATCH(H97,הגדרות!$A$2:$A$17,0)),"") -> 0 | AB97: =IFERROR(INDEX(הגדרות!$B$2:$B$17,MATCH(I97,הגדרות!$A$2:$A$17,0)),"") | AC97: =IFERROR(INDEX(הגדרות!$C$2:$C$17,MATCH(I97,הגדרות!$A$2:$A$17,0)),"") | AD97: =IF(AND(מלאי!D159<>"",OR(#REF!="הכל",מלאי!Z159=#REF!,מלאי!AA159=#REF!,מלאי!AB159=#REF!,מלאי!AC159=#REF!),OR(#REF!="הכל",מלאי!A159=#REF!),OR(#REF!="הכל",מלאי!B159=#REF!),OR(#REF!="הכל",מלאי!F159=#REF!,מלאי!G159=#REF!),OR(#REF!="הכל",מלאי!T159=#REF!),OR(#REF!="הכל",מלאי!Q159=#REF!),OR(#REF!="הכל",מלאי!J159=#REF!),OR(#REF!="הכל",מלאי!L159=#REF!),OR(#REF!="הכל",מלאי!O159=#REF!),OR(#REF!="הכל",מלאי!R159=#REF!),OR(#REF!="הכל",#REF!="",מלאי!W159=#REF!),OR(#REF!="הכל",#REF!="",ISNUMBER(SEARCH(#REF!,מלאי!C159)))),1,0) -> #REF! | AE97: =IF(AND(מלאי!D159<>"",OR(#REF!="הכל",מלאי!Z159=#REF!,מלאי!AA159=#REF!,מלאי!AB159=#REF!,מלאי!AC159=#REF!),OR(#REF!="הכל",מלאי!A159=#REF!),OR(#REF!="הכל",מלאי!B159=#REF!),OR(#REF!="הכל",מלאי!F159=#REF!,מלאי!G159=#REF!),OR(#REF!="הכל",מלאי!T159=#REF!),OR(#REF!="הכל",מלאי!Q159=#REF!),OR(#REF!="הכל",מלאי!J159=#REF!),OR(#REF!="הכל",מלאי!L159=#REF!),OR(#REF!="הכל",מלאי!O159=#REF!),OR(#REF!="הכל",מלאי!R159=#REF!),OR(#REF!="הכל",#REF!="",מלאי!W159=#REF!),OR(#REF!="הכל",#REF!="",ISNUMBER(SEARCH(#REF!,מלאי!C159))),OR(#REF!="הכל",מלאי!#REF!=#REF!)),1,0) -> #REF! | AF97: =IF(AD97=1,COUNTIF($AD$3:$AD97,1),"") -> #REF! | AG97: =IF(AE97=1,COUNTIF($AE$3:$AE97,1),"") -> #REF!
A98: Uniform | B98: Pants | C98: Maritime | D98: UNI 006 | E98: =IFERROR(INDEX(הגדרות!$I$2:$I$47,MATCH(B98,הגדרות!$H$2:$H$47,0)),"") -> 0 | F98: Stretch | H98: Kestrel | J98: לא | R98: XL | T98: במלאי | U98: עם כתמי חלודה | Z98: =IFERROR(INDEX(הגדרות!$B$2:$B$17,MATCH(H98,הגדרות!$A$2:$A$17,0)),"") -> מיוער | AA98: =IFERROR(INDEX(הגדרות!$C$2:$C$17,MATCH(H98,הגדרות!$A$2:$A$17,0)),"") -> 0 | AB98: =IFERROR(INDEX(הגדרות!$B$2:$B$17,MATCH(I98,הגדרות!$A$2:$A$17,0)),"") | AC98: =IFERROR(INDEX(הגדרות!$C$2:$C$17,MATCH(I98,הגדרות!$A$2:$A$17,0)),"") | AD98: =IF(AND(מלאי!D160<>"",OR(#REF!="הכל",מלאי!Z160=#REF!,מלאי!AA160=#REF!,מלאי!AB160=#REF!,מלאי!AC160=#REF!),OR(#REF!="הכל",מלאי!A160=#REF!),OR(#REF!="הכל",מלאי!B160=#REF!),OR(#REF!="הכל",מלאי!F160=#REF!,מלאי!G160=#REF!),OR(#REF!="הכל",מלאי!T160=#REF!),OR(#REF!="הכל",מלאי!Q160=#REF!),OR(#REF!="הכל",מלאי!J160=#REF!),OR(#REF!="הכל",מלאי!L160=#REF!),OR(#REF!="הכל",מלאי!O160=#REF!),OR(#REF!="הכל",מלאי!R160=#REF!),OR(#REF!="הכל",#REF!="",מלאי!W160=#REF!),OR(#REF!="הכל",#REF!="",ISNUMBER(SEARCH(#REF!,מלאי!C160)))),1,0) -> #REF! | AE98: =IF(AND(מלאי!D160<>"",OR(#REF!="הכל",מלאי!Z160=#REF!,מלאי!AA160=#REF!,מלאי!AB160=#REF!,מלאי!AC160=#REF!),OR(#REF!="הכל",מלאי!A160=#REF!),OR(#REF!="הכל",מלאי!B160=#REF!),OR(#REF!="הכל",מלאי!F160=#REF!,מלאי!G160=#REF!),OR(#REF!="הכל",מלאי!T160=#REF!),OR(#REF!="הכל",מלאי!Q160=#REF!),OR(#REF!="הכל",מלאי!J160=#REF!),OR(#REF!="הכל",מלאי!L160=#REF!),OR(#REF!="הכל",מלאי!O160=#REF!),OR(#REF!="הכל",מלאי!R160=#REF!),OR(#REF!="הכל",#REF!="",מלאי!W160=#REF!),OR(#REF!="הכל",#REF!="",ISNUMBER(SEARCH(#REF!,מלאי!C160))),OR(#REF!="הכל",מלאי!#REF!=#REF!)),1,0) -> #REF! | AF98: =IF(AD98=1,COUNTIF($AD$3:$AD98,1),"") -> #REF! | AG98: =IF(AE98=1,COUNTIF($AE$3:$AE98,1),"") -> #REF!
A99: Uniform | B99: Pants | C99: Maritime | D99: UNI 036 | E99: =IFERROR(INDEX(הגדרות!$I$2:$I$47,MATCH(B99,הגדרות!$H$2:$H$47,0)),"") -> 0 | F99: Stretch | H99: Kestrel | J99: לא | R99: XL | T99: במלאי | U99: עם כתמי חלודה | Z99: =IFERROR(INDEX(הגדרות!$B$2:$B$17,MATCH(H99,הגדרות!$A$2:$A$17,0)),"") -> מיוער | AA99: =IFERROR(INDEX(הגדרות!$C$2:$C$17,MATCH(H99,הגדרות!$A$2:$A$17,0)),"") -> 0 | AB99: =IFERROR(INDEX(הגדרות!$B$2:$B$17,MATCH(I99,הגדרות!$A$2:$A$17,0)),"") | AC99: =IFERROR(INDEX(הגדרות!$C$2:$C$17,MATCH(I99,הגדרות!$A$2:$A$17,0)),"") | AD99: =IF(AND(מלאי!D161<>"",OR(#REF!="הכל",מלאי!Z161=#REF!,מלאי!AA161=#REF!,מלאי!AB161=#REF!,מלאי!AC161=#REF!),OR(#REF!="הכל",מלאי!A161=#REF!),OR(#REF!="הכל",מלאי!B161=#REF!),OR(#REF!="הכל",מלאי!F161=#REF!,מלאי!G161=#REF!),OR(#REF!="הכל",מלאי!T161=#REF!),OR(#REF!="הכל",מלאי!Q161=#REF!),OR(#REF!="הכל",מלאי!J161=#REF!),OR(#REF!="הכל",מלאי!L161=#REF!),OR(#REF!="הכל",מלאי!O161=#REF!),OR(#REF!="הכל",מלאי!R161=#REF!),OR(#REF!="הכל",#REF!="",מלאי!W161=#REF!),OR(#REF!="הכל",#REF!="",ISNUMBER(SEARCH(#REF!,מלאי!C161)))),1,0) -> #REF! | AE99: =IF(AND(מלאי!D161<>"",OR(#REF!="הכל",מלאי!Z161=#REF!,מלאי!AA161=#REF!,מלאי!AB161=#REF!,מלאי!AC161=#REF!),OR(#REF!="הכל",מלאי!A161=#REF!),OR(#REF!="הכל",מלאי!B161=#REF!),OR(#REF!="הכל",מלאי!F161=#REF!,מלאי!G161=#REF!),OR(#REF!="הכל",מלאי!T161=#REF!),OR(#REF!="הכל",מלאי!Q161=#REF!),OR(#REF!="הכל",מלאי!J161=#REF!),OR(#REF!="הכל",מלאי!L161=#REF!),OR(#REF!="הכל",מלאי!O161=#REF!),OR(#REF!="הכל",מלאי!R161=#REF!),OR(#REF!="הכל",#REF!="",מלאי!W161=#REF!),OR(#REF!="הכל",#REF!="",ISNUMBER(SEARCH(#REF!,מלאי!C161))),OR(#REF!="הכל",מלאי!#REF!=#REF!)),1,0) -> #REF! | AF99: =IF(AD99=1,COUNTIF($AD$3:$AD99,1),"") -> #REF! | AG99: =IF(AE99=1,COUNTIF($AE$3:$AE99,1),"") -> #REF!
A100: Uniform | B100: Pants | C100: Maritime | D100: UNI 029 | E100: =IFERROR(INDEX(הגדרות!$I$2:$I$47,MATCH(B100,הגדרות!$H$2:$H$47,0)),"") -> 0 | F100: Stretch | H100: Fresh Snow | J100: כן | P100: 36R | T100: במלאי | Z100: =IFERROR(INDEX(הגדרות!$B$2:$B$17,MATCH(H100,הגדרות!$A$2:$A$17,0)),"") -> שלג | AA100: =IFERROR(INDEX(הגדרות!$C$2:$C$17,MATCH(H100,הגדרות!$A$2:$A$17,0)),"") -> 0 | AB100: =IFERROR(INDEX(הגדרות!$B$2:$B$17,MATCH(I100,הגדרות!$A$2:$A$17,0)),"") | AC100: =IFERROR(INDEX(הגדרות!$C$2:$C$17,MATCH(I100,הגדרות!$A$2:$A$17,0)),"") | AD100: =IF(AND(מלאי!D188<>"",OR(#REF!="הכל",מלאי!Z188=#REF!,מלאי!AA188=#REF!,מלאי!AB188=#REF!,מלאי!AC188=#REF!),OR(#REF!="הכל",מלאי!A188=#REF!),OR(#REF!="הכל",מלאי!B188=#REF!),OR(#REF!="הכל",מלאי!F188=#REF!,מלאי!G188=#REF!),OR(#REF!="הכל",מלאי!T188=#REF!),OR(#REF!="הכל",מלאי!Q188=#REF!),OR(#REF!="הכל",מלאי!J188=#REF!),OR(#REF!="הכל",מלאי!L188=#REF!),OR(#REF!="הכל",מלאי!O188=#REF!),OR(#REF!="הכל",מלאי!R188=#REF!),OR(#REF!="הכל",#REF!="",מלאי!W188=#REF!),OR(#REF!="הכל",#REF!="",ISNUMBER(SEARCH(#REF!,מלאי!C188)))),1,0) -> #REF! | AE100: =IF(AND(מלאי!D188<>"",OR(#REF!="הכל",מלאי!Z188=#REF!,מלאי!AA188=#REF!,מלאי!AB188=#REF!,מלאי!AC188=#REF!),OR(#REF!="הכל",מלאי!A188=#REF!),OR(#REF!="הכל",מלאי!B188=#REF!),OR(#REF!="הכל",מלאי!F188=#REF!,מלאי!G188=#REF!),OR(#REF!="הכל",מלאי!T188=#REF!),OR(#REF!="הכל",מלאי!Q188=#REF!),OR(#REF!="הכל",מלאי!J188=#REF!),OR(#REF!="הכל",מלאי!L188=#REF!),OR(#REF!="הכל",מלאי!O188=#REF!),OR(#REF!="הכל",מלאי!R188=#REF!),OR(#REF!="הכל",#REF!="",מלאי!W188=#REF!),OR(#REF!="הכל",#REF!="",ISNUMBER(SEARCH(#REF!,מלאי!C188))),OR(#REF!="הכל",מלאי!#REF!=#REF!)),1,0) -> #REF! | AF100: =IF(AD100=1,COUNTIF($AD$3:$AD100,1),"") -> #REF! | AG100: =IF(AE100=1,COUNTIF($AE$3:$AE100,1),"") -> #REF!
...

Sheet השאלות
A1: סינון השאלות
A2: מדינה: | B2: הכל | C2: מושאל ל: | D2: הכל | E2: אחראי: | F2: הכל | G2: סטטוס: | H2: הכל
A4: מס' | B4: מזהה מוצר | C4: שם מוצר | D4: קו מוצר | E4: מושאל ל | F4: מדינה | G4: אחראי | H4: תאריך השאלה | I4: החזרה משוערת | J4: החזרה בפועל | K4: סטטוס | L4: התראת איחור | M4: הערות | N4: מסנן
A5: 1 | C5: Vehicle hide site 9*12 | D5: Platform Hide Site | F5: ITALY | G5: שמעיה | K5: מושאל | L5: =IF(AND(K5="פעיל",I5<>"",I5<TODAY()),"באיחור!","") | N5: =IF(AND(A5<>"",OR($B$2="הכל",#REF!=$B$2),OR($D$2="הכל",F5=$D$2),OR($F$2="הכל",G5=$F$2),OR($H$2="הכל",K5=$H$2)),1,0) -> #REF!
A6: =SUM(A5+1) -> 2 | C6: Operators HS | D6: Hide Site | F6: ITALY | G6: שמעיה | K6: מושאל | L6: =IF(AND(K6="פעיל",I6<>"",I6<TODAY()),"באיחור!","") | N6: =IF(AND(A6<>"",OR($B$2="הכל",#REF!=$B$2),OR($D$2="הכל",F6=$D$2),OR($F$2="הכל",G6=$F$2),OR($H$2="הכל",K6=$H$2)),1,0) -> #REF!
A7: =SUM(A6+1) -> 3 | B7: ישן | C7: Poncho Inbar | D7: OverGarment | F7: ITALY | G7: שמעיה | K7: מושאל | L7: =IF(AND(K7="פעיל",I7<>"",I7<TODAY()),"באיחור!","") | N7: =IF(AND(A7<>"",OR($B$2="הכל",#REF!=$B$2),OR($D$2="הכל",F7=$D$2),OR($F$2="הכל",G7=$F$2),OR($H$2="הכל",K7=$H$2)),1,0) -> #REF!
A8: =SUM(A7+1) -> 4 | B8: ישן | C8: Poncho Sahar | D8: OverGarment | F8: ITALY | G8: שמעיה | K8: מושאל | L8: =IF(AND(K8="פעיל",I8<>"",I8<TODAY()),"באיחור!","") | N8: =IF(AND(A8<>"",OR($B$2="הכל",#REF!=$B$2),OR($D$2="הכל",F8=$D$2),OR($F$2="הכל",G8=$F$2),OR($H$2="הכל",K8=$H$2)),1,0) -> #REF!
A9: =SUM(A8+1) -> 5 | C9: Poncho SRV | D9: OverGarment | F9: ITALY | G9: שמעיה | K9: מושאל | L9: =IF(AND(K9="פעיל",I9<>"",I9<TODAY()),"באיחור!","") | N9: =IF(AND(A9<>"",OR($B$2="הכל",#REF!=$B$2),OR($D$2="הכל",F9=$D$2),OR($F$2="הכל",G9=$F$2),OR($H$2="הכל",K9=$H$2)),1,0) -> #REF!
A10: =SUM(A9+1) -> 6 | C10: Gal Suit | D10: OverGarment | F10: ITALY | G10: שמעיה | K10: מושאל | L10: =IF(AND(K10="פעיל",I10<>"",I10<TODAY()),"באיחור!","") | N10: =IF(AND(A10<>"",OR($B$2="הכל",#REF!=$B$2),OR($D$2="הכל",F10=$D$2),OR($F$2="הכל",G10=$F$2),OR($H$2="הכל",K10=$H$2)),1,0) -> #REF!
A11: =SUM(A10+1) -> 7 | C11: Survival Blanket | D11: Blankets | F11: ITALY | G11: שמעיה | K11: מושאל | L11: =IF(AND(K11="פעיל",I11<>"",I11<TODAY()),"באיחור!","") | N11: =IF(AND(A11<>"",OR($B$2="הכל",#REF!=$B$2),OR($D$2="הכל",F11=$D$2),OR($F$2="הכל",G11=$F$2),OR($H$2="הכל",K11=$H$2)),1,0) -> #REF!
A12: =SUM(A11+1) -> 8 | B12: קטן | C12: Window Kit | D12: Hide Site | F12: ITALY | G12: שמעיה | K12: מושאל | L12: =IF(AND(K12="פעיל",I12<>"",I12<TODAY()),"באיחור!","") | N12: =IF(AND(A12<>"",OR($B$2="הכל",#REF!=$B$2),OR($D$2="הכל",F12=$D$2),OR($F$2="הכל",G12=$F$2),OR($H$2="הכל",K12=$H$2)),1,0) -> #REF!
A13: =SUM(A12+1) -> 9 | B13: שלג | C13: Pants | D13: Uniform | F13: ITALY | G13: שמעיה | K13: מושאל | L13: =IF(AND(K13="פעיל",I13<>"",I13<TODAY()),"באיחור!","") | N13: =IF(AND(A13<>"",OR($B$2="הכל",#REF!=$B$2),OR($D$2="הכל",F13=$D$2),OR($F$2="הכל",G13=$F$2),OR($H$2="הכל",K13=$H$2)),1,0) -> #REF!
A14: =SUM(A13+1) -> 10 | B14: שלג | C14: Shirt | D14: Uniform | F14: ITALY | G14: שמעיה | K14: מושאל | L14: =IF(AND(K14="פעיל",I14<>"",I14<TODAY()),"באיחור!","") | N14: =IF(AND(A14<>"",OR($B$2="הכל",#REF!=$B$2),OR($D$2="הכל",F14=$D$2),OR($F$2="הכל",G14=$F$2),OR($H$2="הכל",K14=$H$2)),1,0) -> #REF!
A15: =SUM(A14+1) -> 11 | B15: עם קונסטרוקציה (שלג) | C15: Operators HS | D15: Hide Site | F15: FINLAND | G15: שמעיה | K15: מושאל | L15: =IF(AND(K15="פעיל",I15<>"",I15<TODAY()),"באיחור!","") | N15: =IF(AND(A15<>"",OR($B$2="הכל",F15=$B$2),OR($D$2="הכל",E15=$D$2),OR($F$2="הכל",G15=$F$2),OR($H$2="הכל",K15=$H$2)),1,0) -> 1
A16: =SUM(A15+1) -> 12 | B16: שלג כהה | C16: Arctic Poncho SRV | D16: OverGarment | F16: FINLAND | G16: שמעיה | K16: מושאל | L16: =IF(AND(K16="פעיל",I16<>"",I16<TODAY()),"באיחור!","") | N16: =IF(AND(A16<>"",OR($B$2="הכל",F16=$B$2),OR($D$2="הכל",E16=$D$2),OR($F$2="הכל",G16=$F$2),OR($H$2="הכל",K16=$H$2)),1,0) -> 1
A17: =SUM(A16+1) -> 13 | B17: שלג כהה | C17: Gaiters | D17: Accessories | F17: FINLAND | G17: שמעיה | K17: מושאל | L17: =IF(AND(K17="פעיל",I17<>"",I17<TODAY()),"באיחור!","") | N17: =IF(AND(A17<>"",OR($B$2="הכל",F17=$B$2),OR($D$2="הכל",E17=$D$2),OR($F$2="הכל",G17=$F$2),OR($H$2="הכל",K17=$H$2)),1,0) -> 1
A18: =SUM(A17+1) -> 14 | B18: שלג כהה | C18: Arctic Survival Blanket | D18: Blankets | F18: FINLAND | G18: שמעיה | K18: מושאל | L18: =IF(AND(K18="פעיל",I18<>"",I18<TODAY()),"באיחור!","") | N18: =IF(AND(A18<>"",OR($B$2="הכל",F18=$B$2),OR($D$2="הכל",E18=$D$2),OR($F$2="הכל",G18=$F$2),OR($H$2="הכל",K18=$H$2)),1,0) -> 1
A19: =SUM(A18+1) -> 15 | B19: שלג בהיר | C19: Arctic Suit | D19: OverGarment | F19: FINLAND | G19: שמעיה | K19: מושאל | L19: =IF(AND(K19="פעיל",I19<>"",I19<TODAY()),"באיחור!","") | N19: =IF(AND(A19<>"",OR($B$2="הכל",F19=$B$2),OR($D$2="הכל",E19=$D$2),OR($F$2="הכל",G19=$F$2),OR($H$2="הכל",K19=$H$2)),1,0) -> 1
A20: =SUM(A19+1) -> 16 | B20: 2 קונסטרוקצייות ויתדות | C20: 6X6 Hide Site | D20: Hide Site | F20: NORWAY | G20: שמעיה | K20: מושאל | L20: =IF(AND(K20="פעיל",I20<>"",I20<TODAY()),"באיחור!","") | N20: =IF(AND(A20<>"",OR($B$2="הכל",F20=$B$2),OR($D$2="הכל",E20=$D$2),OR($F$2="הכל",G20=$F$2),OR($H$2="הכל",K20=$H$2)),1,0) -> 1
A21: =SUM(A20+1) -> 17 | B21: cover | C21: Operators HS | D21: Hide Site | F21: NORWAY | G21: שמעיה | K21: מושאל | L21: =IF(AND(K21="פעיל",I21<>"",I21<TODAY()),"באיחור!","") | N21: =IF(AND(A21<>"",OR($B$2="הכל",F21=$B$2),OR($D$2="הכל",E21=$D$2),OR($F$2="הכל",G21=$F$2),OR($H$2="הכל",K21=$H$2)),1,0) -> 1
A22: =SUM(A21+1) -> 18 | B22: שלג כהה | C22: Arctic Suit | D22: OverGarment | F22: NORWAY | G22: שמעיה | K22: מושאל | L22: =IF(AND(K22="פעיל",I22<>"",I22<TODAY()),"באיחור!","") | N22: =IF(AND(A22<>"",OR($B$2="הכל",F22=$B$2),OR($D$2="הכל",E22=$D$2),OR($F$2="הכל",G22=$F$2),OR($H$2="הכל",K22=$H$2)),1,0) -> 1
B23: שלג בהיר | C23: Gaiters | D23: Accessories | F23: NORWAY | G23: שמעיה | K23: מושאל | L23: =IF(AND(K23="פעיל",I23<>"",I23<TODAY()),"באיחור!","") | N23: =IF(AND(A23<>"",OR($B$2="הכל",F23=$B$2),OR($D$2="הכל",E23=$D$2),OR($F$2="הכל",G23=$F$2),OR($H$2="הכל",K23=$H$2)),1,0) -> 0
B24: שלג בהיר | C24: Arctic Poncho SRV | D24: OverGarment | F24: NORWAY | G24: שמעיה | K24: מושאל | L24: =IF(AND(K24="פעיל",I24<>"",I24<TODAY()),"באיחור!","") | N24: =IF(AND(A24<>"",OR($B$2="הכל",F24=$B$2),OR($D$2="הכל",E24=$D$2),OR($F$2="הכל",G24=$F$2),OR($H$2="הכל",K24=$H$2)),1,0) -> 0
B25: שלג כהה | C25: Arctic Survival Blanket | D25: OverGarment | F25: NORWAY | G25: שמעיה | K25: מושאל | L25: =IF(AND(K25="פעיל",I25<>"",I25<TODAY()),"באיחור!","") | N25: =IF(AND(A25<>"",OR($B$2="הכל",F25=$B$2),OR($D$2="הכל",E25=$D$2),OR($F$2="הכל",G25=$F$2),OR($H$2="הכל",K25=$H$2)),1,0) -> 0
B26: סיכות העלמה ויתדות | C26: 6X6 Hide Site | D26: Hide Site | F26: DENMARK | G26: שמעיה | K26: מושאל | L26: =IF(AND(K26="פעיל",I26<>"",I26<TODAY()),"באיחור!","") | N26: =IF(AND(A26<>"",OR($B$2="הכל",F26=$B$2),OR($D$2="הכל",E26=$D$2),OR($F$2="הכל",G26=$F$2),OR($H$2="הכל",K26=$H$2)),1,0) -> 0
C27: Blackout hood | D27: Accessories | F27: DENMARK | G27: שמעיה | K27: מושאל | L27: =IF(AND(K27="פעיל",I27<>"",I27<TODAY()),"באיחור!","") | N27: =IF(AND(A27<>"",OR($B$2="הכל",F27=$B$2),OR($D$2="הכל",E27=$D$2),OR($F$2="הכל",G27=$F$2),OR($H$2="הכל",K27=$H$2)),1,0) -> 0
L28: =IF(AND(K28="פעיל",I28<>"",I28<TODAY()),"באיחור!","") | N28: =IF(AND(A28<>"",OR($B$2="הכל",F28=$B$2),OR($D$2="הכל",E28=$D$2),OR($F$2="הכל",G28=$F$2),OR($H$2="הכל",K28=$H$2)),1,0) -> 0
L29: =IF(AND(K29="פעיל",I29<>"",I29<TODAY()),"באיחור!","") | N29: =IF(AND(A29<>"",OR($B$2="הכל",F29=$B$2),OR($D$2="הכל",E29=$D$2),OR($F$2="הכל",G29=$F$2),OR($H$2="הכל",K29=$H$2)),1,0) -> 0
L30: =IF(AND(K30="פעיל",I30<>"",I30<TODAY()),"באיחור!","") | N30: =IF(AND(A30<>"",OR($B$2="הכל",F30=$B$2),OR($D$2="הכל",E30=$D$2),OR($F$2="הכל",G30=$F$2),OR($H$2="הכל",K30=$H$2)),1,0) -> 0
L31: =IF(AND(K31="פעיל",I31<>"",I31<TODAY()),"באיחור!","") | N31: =IF(AND(A31<>"",OR($B$2="הכל",F31=$B$2),OR($D$2="הכל",E31=$D$2),OR($F$2="הכל",G31=$F$2),OR($H$2="הכל",K31=$H$2)),1,0) -> 0
L32: =IF(AND(K32="פעיל",I32<>"",I32<TODAY()),"באיחור!","") | N32: =IF(AND(A32<>"",OR($B$2="הכל",F32=$B$2),OR($D$2="הכל",E32=$D$2),OR($F$2="הכל",G32=$F$2),OR($H$2="הכל",K32=$H$2)),1,0) -> 0
L33: =IF(AND(K33="פעיל",I33<>"",I33<TODAY()),"באיחור!","") | N33: =IF(AND(A33<>"",OR($B$2="הכל",F33=$B$2),OR($D$2="הכל",E33=$D$2),OR($F$2="הכל",G33=$F$2),OR($H$2="הכל",K33=$H$2)),1,0) -> 0
L34: =IF(AND(K34="פעיל",I34<>"",I34<TODAY()),"באיחור!","") | N34: =IF(AND(A34<>"",OR($B$2="הכל",F34=$B$2),OR($D$2="הכל",E34=$D$2),OR($F$2="הכל",G34=$F$2),OR($H$2="הכל",K34=$H$2)),1,0) -> 0
L35: =IF(AND(K35="פעיל",I35<>"",I35<TODAY()),"באיחור!","") | N35: =IF(AND(A35<>"",OR($B$2="הכל",F35=$B$2),OR($D$2="הכל",E35=$D$2),OR($F$2="הכל",G35=$F$2),OR($H$2="הכל",K35=$H$2)),1,0) -> 0
L36: =IF(AND(K36="פעיל",I36<>"",I36<TODAY()),"באיחור!","") | N36: =IF(AND(A36<>"",OR($B$2="הכל",F36=$B$2),OR($D$2="הכל",E36=$D$2),OR($F$2="הכל",G36=$F$2),OR($H$2="הכל",K36=$H$2)),1,0) -> 0
L37: =IF(AND(K37="פעיל",I37<>"",I37<TODAY()),"באיחור!","") | N37: =IF(AND(A37<>"",OR($B$2="הכל",F37=$B$2),OR($D$2="הכל",E37=$D$2),OR($F$2="הכל",G37=$F$2),OR($H$2="הכל",K37=$H$2)),1,0) -> 0
L38: =IF(AND(K38="פעיל",I38<>"",I38<TODAY()),"באיחור!","") | N38: =IF(AND(A38<>"",OR($B$2="הכל",F38=$B$2),OR($D$2="הכל",E38=$D$2),OR($F$2="הכל",G38=$F$2),OR($H$2="הכל",K38=$H$2)),1,0) -> 0
L39: =IF(AND(K39="פעיל",I39<>"",I39<TODAY()),"באיחור!","") | N39: =IF(AND(A39<>"",OR($B$2="הכל",F39=$B$2),OR($D$2="הכל",E39=$D$2),OR($F$2="הכל",G39=$F$2),OR($H$2="הכל",K39=$H$2)),1,0) -> 0
... L54: =IF(AND(K54="פעיל",I54<>"",I54<TODAY()),"באיחור!","") | N54: =IF(AND(A54<>"",OR($B$2="הכל",F54=$B$2),OR($D$2="הכל",E54=$D$2),OR($F$2="הכל",G54=$F$2),OR($H$2="הכל",K54=$H$2)),1,0) -> 0

Sheet תכולה
A1: תכולה לפי מוצר
A4: מזהה | B4: שם מוצר | C4: תכולה סטנדרטית | D4: חוסרים / בעיות | E4: הערות
A5: =IF(מלאי!D3<>"",מלאי!D3,"") -> יריעה 3D הדגמה 1 | B5: =IF(מלאי!D3<>"",מלאי!B3&IF(מלאי!C3<>""," ("&מלאי!C3&")",""),"") -> 3D Survival Blanket (V1) | C5: =IFERROR(INDEX(הגדרות!$S$2:$S$50,MATCH(מלאי!B3,הגדרות!$R$2:$R$50,0)),"")
A6: =IF(מלאי!D4<>"",מלאי!D4,"") -> יריעה 3D תצוגה 2 | B6: =IF(מלאי!D4<>"",מלאי!B4&IF(מלאי!C4<>""," ("&מלאי!C4&")",""),"") -> 3D Survival Blanket (V1) | C6: =IFERROR(INDEX(הגדרות!$S$2:$S$50,MATCH(מלאי!B4,הגדרות!$R$2:$R$50,0)),"")
A7: =IF(מלאי!D5<>"",מלאי!D5,"") | B7: =IF(מלאי!D5<>"",מלאי!B5&IF(מלאי!C5<>""," ("&מלאי!C5&")",""),"") | C7: =IFERROR(INDEX(הגדרות!$S$2:$S$50,MATCH(מלאי!B5,הגדרות!$R$2:$R$50,0)),"")
A8: =IF(מלאי!D6<>"",מלאי!D6,"") | B8: =IF(מלאי!D6<>"",מלאי!B6&IF(מלאי!C6<>""," ("&מלאי!C6&")",""),"") | C8: =IFERROR(INDEX(הגדרות!$S$2:$S$50,MATCH(מלאי!B6,הגדרות!$R$2:$R$50,0)),"")
A9: =IF(מלאי!D7<>"",מלאי!D7,"") -> Arctic Jacket Fresh 1 | B9: =IF(מלאי!D7<>"",מלאי!B7&IF(מלאי!C7<>""," ("&מלאי!C7&")",""),"") -> Arctic Jacket (V1) | C9: =IFERROR(INDEX(הגדרות!$S$2:$S$50,MATCH(מלאי!B7,הגדרות!$R$2:$R$50,0)),"")
A10: =IF(מלאי!D8<>"",מלאי!D8,"") -> Arctic Suit Top Fresh 1 | B10: =IF(מלאי!D8<>"",מלאי!B8&IF(מלאי!C8<>""," ("&מלאי!C8&")",""),"") -> Arctic Jacket (V1) | C10: =IFERROR(INDEX(הגדרות!$S$2:$S$50,MATCH(מלאי!B8,הגדרות!$R$2:$R$50,0)),"")
A11: =IF(מלאי!D9<>"",מלאי!D9,"") -> Arctic Suit Bot Fresh 1 | B11: =IF(מלאי!D9<>"",מלאי!B9&IF(מלאי!C9<>""," ("&מלאי!C9&")",""),"") -> Arctic Jacket (V1) | C11: =IFERROR(INDEX(הגדרות!$S$2:$S$50,MATCH(מלאי!B9,הגדרות!$R$2:$R$50,0)),"")
A12: =IF(מלאי!D10<>"",מלאי!D10,"") -> Arctic Jacket Snirt 1 | B12: =IF(מלאי!D10<>"",מלאי!B10&IF(מלאי!C10<>""," ("&מלאי!C10&")",""),"") -> Arctic Jacket (V1) | C12: =IFERROR(INDEX(הגדרות!$S$2:$S$50,MATCH(מלאי!B10,הגדרות!$R$2:$R$50,0)),"")
A13: =IF(מלאי!D11<>"",מלאי!D11,"") -> Arctic Jacket Snirt 2 | B13: =IF(מלאי!D11<>"",מלאי!B11&IF(מלאי!C11<>""," ("&מלאי!C11&")",""),"") -> Arctic Jacket (V1) | C13: =IFERROR(INDEX(הגדרות!$S$2:$S$50,MATCH(מלאי!B11,הגדרות!$R$2:$R$50,0)),"")
A14: =IF(מלאי!D12<>"",מלאי!D12,"") -> Arctic Jacket sampels Snirt | B14: =IF(מלאי!D12<>"",מלאי!B12&IF(מלאי!C12<>""," ("&מלאי!C12&")",""),"") -> Arctic Jacket (V1) | C14: =IFERROR(INDEX(הגדרות!$S$2:$S$50,MATCH(מלאי!B12,הגדרות!$R$2:$R$50,0)),"")
A15: =IF(מלאי!D13<>"",מלאי!D13,"") -> Arctic Jacket sampels Fresh | B15: =IF(מלאי!D13<>"",מלאי!B13&IF(מלאי!C13<>""," ("&מלאי!C13&")",""),"") -> Arctic Jacket (V1) | C15: =IFERROR(INDEX(הגדרות!$S$2:$S$50,MATCH(מלאי!B13,הגדרות!$R$2:$R$50,0)),"")
A16: =IF(מלאי!D14<>"",מלאי!D14,"") -> Arctic Pants Fresh 1 | B16: =IF(מלאי!D14<>"",מלאי!B14&IF(מלאי!C14<>""," ("&מלאי!C14&")",""),"") -> Arctic Overpants (V1) | C16: =IFERROR(INDEX(הגדרות!$S$2:$S$50,MATCH(מלאי!B14,הגדרות!$R$2:$R$50,0)),"")
... A37: =IF(מלאי!D35<>"",מלאי!D35,"") -> UNI 003 | B37: =IF(מלאי!D35<>"",מלאי!B35&IF(מלאי!C35<>""," ("&מלאי!C35&")",""),"") -> Boonie hat (V1) | C37: =IFERROR(INDEX(הגדרות!$S$2:$S$50,MATCH(מלאי!B35,הגדרות!$R$2:$R$50,0)),"")
A38: =IF(מלאי!D43<>"",מלאי!D43,"") -> גל תצוגה | B38: =IF(מלאי!D43<>"",מלאי!B43&IF(מלאי!C43<>""," ("&מלאי!C43&")",""),"") -> Gal Suit (V1) | C38: =IFERROR(INDEX(הגדרות!$S$2:$S$50,MATCH(מלאי!B43,הגדרות!$R$2:$R$50,0)),"")
A39: =IF(מלאי!D44<>"",מלאי!D44,"") -> גל תצוגה אורבן | B39: =IF(מלאי!D44<>"",מלאי!B44&IF(מלאי!C44<>""," ("&מלאי!C44&")",""),"") -> Gal Suit (V1) | C39: =IFERROR(INDEX(הגדרות!$S$2:$S$50,MATCH(מלאי!B44,הגדרות!$R$2:$R$50,0)),"")
A40: =IF(מלאי!D45<>"",מלאי!D45,"") -> Gal VIS 2 | B40: =IF(מלאי!D45<>"",מלאי!B45&IF(מלאי!C45<>""," ("&מלאי!C45&")",""),"") -> Gal Suit (V1) | C40: =IFERROR(INDEX(הגדרות!$S$2:$S$50,MATCH(מלאי!B45,הגדרות!$R$2:$R$50,0)),"")
A41: =IF(מלאי!D46<>"",מלאי!D46,"") -> Gal Double layers 1 | B41: =IF(מלאי!D46<>"",מלאי!B46&IF(מלאי!C46<>""," ("&מלאי!C46&")",""),"") -> Gal Suit (V1) | C41: =IFERROR(INDEX(הגדרות!$S$2:$S$50,MATCH(מלאי!B46,הגדרות!$R$2:$R$50,0)),"")
A42: =IF(מלאי!D47<>"",מלאי!D47,"") -> Gal 1 | B42: =IF(מלאי!D47<>"",מלאי!B47&IF(מלאי!C47<>""," ("&מלאי!C47&")",""),"") -> Gal Suit (V1) | C42: =IFERROR(INDEX(הגדרות!$S$2:$S$50,MATCH(מלאי!B47,הגדרות!$R$2:$R$50,0)),"")
A43: =IF(מלאי!D48<>"",מלאי!D48,"") -> GMV 1 לא מטופל | B43: =IF(מלאי!D48<>"",מלאי!B48&IF(מלאי!C48<>""," ("&מלאי!C48&")",""),"") -> GMV | C43: =IFERROR(INDEX(הגדרות!$S$2:$S$50,MATCH(מלאי!B48,הגדרות!$R$2:$R$50,0)),"")
A44: =IF(מלאי!D49<>"",מלאי!D49,"") -> GMV 2 לא מטופל | B44: =IF(מלאי!D49<>"",מלאי!B49&IF(מלאי!C49<>""," ("&מלאי!C49&")",""),"") -> GMV | C44: =IFERROR(INDEX(הגדרות!$S$2:$S$50,MATCH(מלאי!B49,הגדרות!$R$2:$R$50,0)),"")
A45: =IF(מלאי!D50<>"",מלאי!D50,"") -> UNI 022 | B45: =IF(מלאי!D50<>"",מלאי!B50&IF(מלאי!C50<>""," ("&מלאי!C50&")",""),"") -> Headcover (ELITE) | C45: =IFERROR(INDEX(הגדרות!$S$2:$S$50,MATCH(מלאי!B50,הגדרות!$R$2:$R$50,0)),"")
A46: =IF(מלאי!D52<>"",מלאי!D52,"") -> כיסוי ראש ישראלי 1 | B46: =IF(מלאי!D52<>"",מלאי!B52&IF(מלאי!C52<>""," ("&מלאי!C52&")",""),"") -> Headcover (ישראלי) | C46: =IFERROR(INDEX(הגדרות!$S$2:$S$50,MATCH(מלאי!B52,הגדרות!$R$2:$R$50,0)),"")
A47: =IF(מלאי!D53<>"",מלאי!D53,"") -> כיסוי ראש ישראלי 2 | B47: =IF(מלאי!D53<>"",מלאי!B53&IF(מלאי!C53<>""," ("&מלאי!C53&")",""),"") -> Headcover (ישראלי) | C47: =IFERROR(INDEX(הגדרות!$S$2:$S$50,MATCH(מלאי!B53,הגדרות!$R$2:$R$50,0)),"")
A48: =IF(מלאי!D54<>"",מלאי!D54,"") -> UNI 021 | B48: =IF(מלאי!D54<>"",מלאי!B54&IF(מלאי!C54<>""," ("&מלאי!C54&")",""),"") -> Headcover (ELITE) | C48: =IFERROR(INDEX(הגדרות!$S$2:$S$50,MATCH(מלאי!B54,הגדרות!$R$2:$R$50,0)),"")
A49: =IF(מלאי!D56<>"",מלאי!D56,"") -> UNI 060 | B49: =IF(מלאי!D56<>"",מלאי!B56&IF(מלאי!C56<>""," ("&מלאי!C56&")",""),"") -> Headcover | C49: =IFERROR(INDEX(הגדרות!$S$2:$S$50,MATCH(מלאי!B56,הגדרות!$R$2:$R$50,0)),"")
A50: =IF(מלאי!D57<>"",מלאי!D57,"") -> UNI 024 | B50: =IF(מלאי!D57<>"",מלאי!B57&IF(מלאי!C57<>""," ("&מלאי!C57&")",""),"") -> Headcover (ELITE) | C50: =IFERROR(INDEX(הגדרות!$S$2:$S$50,MATCH(מלאי!B57,הגדרות!$R$2:$R$50,0)),"")
A51: =IF(מלאי!D58<>"",מלאי!D58,"") -> UNI 023 | B51: =IF(מלאי!D58<>"",מלאי!B58&IF(מלאי!C58<>""," ("&מלאי!C58&")",""),"") -> Headcover (ELITE) | C51: =IFERROR(INDEX(הגדרות!$S$2:$S$50,MATCH(מלאי!B58,הגדרות!$R$2:$R$50,0)),"")
A52: =IF(מלאי!D59<>"",מלאי!D59,"") -> RIPSTOP Hobey 1 | B52: =IF(מלאי!D59<>"",מלאי!B59&IF(מלאי!C59<>""," ("&מלאי!C59&")",""),"") -> Hobey Elite (V1) | C52: =IFERROR(INDEX(הגדרות!$S$2:$S$50,MATCH(מלאי!B59,הגדרות!$R$2:$R$50,0)),"")
A53: =IF(מלאי!D60<>"",מלאי!D60,"") -> Hobey 2 | B53: =IF(מלאי!D60<>"",מלאי!B60&IF(מלאי!C60<>""," ("&מלאי!C60&")",""),"") -> Hobey Elite (V1) | C53: =IFERROR(INDEX(הגדרות!$S$2:$S$50,MATCH(מלאי!B60,הגדרות!$R$2:$R$50,0)),"")
A54: =IF(מלאי!D61<>"",מלאי!D61,"") -> Hobey 3 | B54: =IF(מלאי!D61<>"",מלאי!B61&IF(מלאי!C61<>""," ("&מלאי!C61&")",""),"") -> Hobey Elite (V1) | C54: =IFERROR(INDEX(הגדרות!$S$2:$S$50,MATCH(מלאי!B61,הגדרות!$R$2:$R$50,0)),"")
A55: =IF(מלאי!D62<>"",מלאי!D62,"") -> הובי תצוגה 1 | B55: =IF(מלאי!D62<>"",מלאי!B62&IF(מלאי!C62<>""," ("&מלאי!C62&")",""),"") -> Hobey Elite (V1) | C55: =IFERROR(INDEX(הגדרות!$S$2:$S$50,MATCH(מלאי!B62,הגדרות!$R$2:$R$50,0)),"")
A56: =IF(מלאי!D63<>"",מלאי!D63,"") -> Hobey Arc 4 | B56: =IF(מלאי!D63<>"",מלאי!B63&IF(מלאי!C63<>""," ("&מלאי!C63&")",""),"") -> Hobey Elite (V1) | C56: =IFERROR(INDEX(הגדרות!$S$2:$S$50,MATCH(מלאי!B63,הגדרות!$R$2:$R$50,0)),"")
A57: =IF(מלאי!D64<>"",מלאי!D64,"") -> Floor 1 | B57: =IF(מלאי!D64<>"",מלאי!B64&IF(מלאי!C64<>""," ("&מלאי!C64&")",""),"") -> HS Floor | C57: =IFERROR(INDEX(הגדרות!$S$2:$S$50,MATCH(מלאי!B64,הגדרות!$R$2:$R$50,0)),"")
A58: =IF(מלאי!D65<>"",מלאי!D65,"") -> Floor 2 | B58: =IF(מלאי!D65<>"",מלאי!B65&IF(מלאי!C65<>""," ("&מלאי!C65&")",""),"") -> HS Floor | C58: =IFERROR(INDEX(הגדרות!$S$2:$S$50,MATCH(מלאי!B65,הגדרות!$R$2:$R$50,0)),"")
A59: =IF(מלאי!D66<>"",מלאי!D66,"") -> LC - 1 AMERICAN | B59: =IF(מלאי!D66<>"",מלאי!B66&IF(מלאי!C66<>""," ("&מלאי!C66&")",""),"") -> LC79 (V1) | C59: =IFERROR(INDEX(הגדרות!$S$2:$S$50,MATCH(מלאי!B66,הגדרות!$R$2:$R$50,0)),"")
A60: =IF(מלאי!D67<>"",מלאי!D67,"") -> LC - 2 | B60: =IF(מלאי!D67<>"",מלאי!B67&IF(מלאי!C67<>""," ("&מלאי!C67&")",""),"") -> LC79 (V1) | C60: =IFERROR(INDEX(הגדרות!$S$2:$S$50,MATCH(מלאי!B67,הגדרות!$R$2:$R$50,0)),"")
... A71: =IF(מלאי!D78<>"",מלאי!D78,"") -> mrzr alpha 9*12 | B71: =IF(מלאי!D78<>"",מלאי!B78&IF(מלאי!C78<>""," ("&מלאי!C78&")",""),"") -> MRZR cover (alpha) | C71: =IFERROR(INDEX(הגדרות!$S$2:$S$50,MATCH(מלאי!B78,הגדרות!$R$2:$R$50,0)),"")
A72: =IF(מלאי!D80<>"",מלאי!D80,"") -> Op HS 2 | B72: =IF(מלאי!D80<>"",מלאי!B80&IF(מלאי!C80<>""," ("&מלאי!C80&")",""),"") -> Operators HS (V1) | C72: =IFERROR(INDEX(הגדרות!$S$2:$S$50,MATCH(מלאי!B80,הגדרות!$R$2:$R$50,0)),"")
A73: =IF(מלאי!D81<>"",מלאי!D81,"") -> עמדת חוליה MRG 3 הדגמה | B73: =IF(מלאי!D81<>"",מלאי!B81&IF(מלאי!C81<>""," ("&מלאי!C81&")",""),"") -> Operators HS (V1) | C73: =IFERROR(INDEX(הגדרות!$S$2:$S$50,MATCH(מלאי!B81,הגדרות!$R$2:$R$50,0)),"")
A74: =IF(מלאי!D82<>"",מלאי!D82,"") -> Op HS 4 | B74: =IF(מלאי!D82<>"",מלאי!B82&IF(מלאי!C82<>""," ("&מלאי!C82&")",""),"") -> Operators HS (V1) | C74: =IFERROR(INDEX(הגדרות!$S$2:$S$50,MATCH(מלאי!B82,הגדרות!$R$2:$R$50,0)),"")
A75: =IF(מלאי!#REF!<>"",מלאי!#REF!,"") -> #REF! | B75: =IF(מלאי!#REF!<>"",מלאי!#REF!&IF(מלאי!#REF!<>""," ("&מלאי!#REF!&")",""),"") -> #REF! | C75: =IFERROR(INDEX(הגדרות!$S$2:$S$50,MATCH(מלאי!#REF!,הגדרות!$R$2:$R$50,0)),"")
A76: =IF(מלאי!D83<>"",מלאי!D83,"") -> ARC Op HS 6 | B76: =IF(מלאי!D83<>"",מלאי!B83&IF(מלאי!C83<>""," ("&מלאי!C83&")",""),"") -> Operators HS | C76: =IFERROR(INDEX(הגדרות!$S$2:$S$50,MATCH(מלאי!B83,הגדרות!$R$2:$R$50,0)),"")
A77: =IF(מלאי!D84<>"",מלאי!D84,"") -> ARC Op HS 5 | B77: =IF(מלאי!D84<>"",מלאי!B84&IF(מלאי!C84<>""," ("&מלאי!C84&")",""),"") -> Operators HS | C77: =IFERROR(INDEX(הגדרות!$S$2:$S$50,MATCH(מלאי!B84,הגדרות!$R$2:$R$50,0)),"")
A78: =IF(מלאי!D85<>"",מלאי!D85,"") -> Op HS 7 | B78: =IF(מלאי!D85<>"",מלאי!B85&IF(מלאי!C85<>""," ("&מלאי!C85&")",""),"") -> Operators HS (V1) | C78: =IFERROR(INDEX(הגדרות!$S$2:$S$50,MATCH(מלאי!B85,הגדרות!$R$2:$R$50,0)),"")
A79: =IF(מלאי!D86<>"",מלאי!D86,"") -> ARC Op HS sampels Snirt | B79: =IF(מלאי!D86<>"",מלאי!B86&IF(מלאי!C86<>""," ("&מלאי!C86&")",""),"") -> Operators HS (V1) | C79: =IFERROR(INDEX(הגדרות!$S$2:$S$50,MATCH(מלאי!B86,הגדרות!$R$2:$R$50,0)),"")
A80: =IF(מלאי!D87<>"",מלאי!D87,"") -> ARC Op HS sampels Fresh | B80: =IF(מלאי!D87<>"",מלאי!B87&IF(מלאי!C87<>""," ("&מלאי!C87&")",""),"") -> Operators HS (V1) | C80: =IFERROR(INDEX(הגדרות!$S$2:$S$50,MATCH(מלאי!B87,הגדרות!$R$2:$R$50,0)),"")
A81: =IF(מלאי!D88<>"",מלאי!D88,"") -> overwatch 1 | B81: =IF(מלאי!D88<>"",מלאי!B88&IF(מלאי!C88<>""," ("&מלאי!C88&")",""),"") -> OverWatch (ATGM) HS (V1) | C81: =IFERROR(INDEX(הגדרות!$S$2:$S$50,MATCH(מלאי!B88,הגדרות!$R$2:$R$50,0)),"")
A82: =IF(מלאי!D89<>"",מלאי!D89,"") -> overwatch 2 | B82: =IF(מלאי!D89<>"",מלאי!B89&IF(מלאי!C89<>""," ("&מלאי!C89&")",""),"") -> OverWatch (ATGM) HS (V1) | C82: =IFERROR(INDEX(הגדרות!$S$2:$S$50,MATCH(מלאי!B89,הגדרות!$R$2:$R$50,0)),"")
A83: =IF(מלאי!D90<>"",מלאי!D90,"") -> overwatch 3 | B83: =IF(מלאי!D90<>"",מלאי!B90&IF(מלאי!C90<>""," ("&מלאי!C90&")",""),"") -> OverWatch (ATGM) HS (V1) | C83: =IFERROR(INDEX(הגדרות!$S$2:$S$50,MATCH(מלאי!B90,הגדרות!$R$2:$R$50,0)),"")
A84: =IF(מלאי!D91<>"",מלאי!D91,"") -> overwatch 4 | B84: =IF(מלאי!D91<>"",מלאי!B91&IF(מלאי!C91<>""," ("&מלאי!C91&")",""),"") -> OverWatch (ATGM) HS (V1) | C84: =IFERROR(INDEX(הגדרות!$S$2:$S$50,MATCH(מלאי!B91,הגדרות!$R$2:$R$50,0)),"")
A85: =IF(מלאי!D92<>"",מלאי!D92,"") -> overwatch 5 | B85: =IF(מלאי!D92<>"",מלאי!B92&IF(מלאי!C92<>""," ("&מלאי!C92&")",""),"") -> OverWatch (ATGM) HS (V1) | C85: =IFERROR(INDEX(הגדרות!$S$2:$S$50,MATCH(מלאי!B92,הגדרות!$R$2:$R$50,0)),"")
A86: =IF(מלאי!#REF!<>"",מלאי!#REF!,"") -> #REF! | B86: =IF(מלאי!#REF!<>"",מלאי!B93&IF(מלאי!C93<>""," ("&מלאי!C93&")",""),"") -> #REF! | C86: =IFERROR(INDEX(הגדרות!$S$2:$S$50,MATCH(מלאי!B93,הגדרות!$R$2:$R$50,0)),"")
A87: =IF(מלאי!D99<>"",מלאי!D99,"") -> UNI 036 | B87: =IF(מלאי!D99<>"",מלאי!B94&IF(מלאי!C94<>""," ("&מלאי!C94&")",""),"") -> OverWatch (ATGM) HS (V1) | C87: =IFERROR(INDEX(הגדרות!$S$2:$S$50,MATCH(מלאי!B94,הגדרות!$R$2:$R$50,0)),"")
A88: =IF(מלאי!D95<>"",מלאי!D95,"") -> overwatch 8 | B88: =IF(מלאי!D95<>"",מלאי!B95&IF(מלאי!C95<>""," ("&מלאי!C95&")",""),"") -> OverWatch (ATGM) HS (V1) | C88: =IFERROR(INDEX(הגדרות!$S$2:$S$50,MATCH(מלאי!B95,הגדרות!$R$2:$R$50,0)),"")
A89: =IF(מלאי!D96<>"",מלאי!D96,"") -> UNI 007 | B89: =IF(מלאי!D96<>"",מלאי!B96&IF(מלאי!C96<>""," ("&מלאי!C96&")",""),"") -> Pants (Less is More) | C89: =IFERROR(INDEX(הגדרות!$S$2:$S$50,MATCH(מלאי!B96,הגדרות!$R$2:$R$50,0)),"")
A90: =IF(מלאי!D98<>"",מלאי!D98,"") -> UNI 006 | B90: =IF(מלאי!D98<>"",מלאי!B98&IF(מלאי!C98<>""," ("&מלאי!C98&")",""),"") -> Pants (Maritime) | C90: =IFERROR(INDEX(הגדרות!$S$2:$S$50,MATCH(מלאי!B98,הגדרות!$R$2:$R$50,0)),"")
A91: =IF(מלאי!D93<>"",מלאי!D93,"") -> overwatch 6 BETI | B91: =IF(מלאי!D93<>"",מלאי!B99&IF(מלאי!C99<>""," ("&מלאי!C99&")",""),"") -> Pants (Maritime) | C91: =IFERROR(INDEX(הגדרות!$S$2:$S$50,MATCH(מלאי!B99,הגדרות!$R$2:$R$50,0)),"")
A92: =IF(מלאי!D100<>"",מלאי!D100,"") -> UNI 029 | B92: =IF(מלאי!D100<>"",מלאי!B100&IF(מלאי!C100<>""," ("&מלאי!C100&")",""),"") -> Pants (Maritime) | C92: =IFERROR(INDEX(הגדרות!$S$2:$S$50,MATCH(מלאי!B100,הגדרות!$R$2:$R$50,0)),"")
A93: =IF(מלאי!D101<>"",מלאי!D101,"") -> Inbar A1 | B93: =IF(מלאי!D101<>"",מלאי!B101&IF(מלאי!C101<>""," ("&מלאי!C101&")",""),"") -> Poncho Inbar (V1) | C93: =IFERROR(INDEX(הגדרות!$S$2:$S$50,MATCH(מלאי!B101,הגדרות!$R$2:$R$50,0)),"")
A94: =IF(מלאי!D102<>"",מלאי!D102,"") -> Inbar A2 | B94: =IF(מלאי!D102<>"",מלאי!B102&IF(מלאי!C102<>""," ("&מלאי!C102&")",""),"") -> Poncho Inbar (V1) | C94: =IFERROR(INDEX(הגדרות!$S$2:$S$50,MATCH(מלאי!B102,הגדרות!$R$2:$R$50,0)),"")
A95: =IF(מלאי!D103<>"",מלאי!D103,"") -> Inbar A3 | B95: =IF(מלאי!D103<>"",מלאי!B103&IF(מלאי!C103<>""," ("&מלאי!C103&")",""),"") -> Poncho Inbar (V1) | C95: =IFERROR(INDEX(הגדרות!$S$2:$S$50,MATCH(מלאי!B103,הגדרות!$R$2:$R$50,0)),"")
A96: =IF(מלאי!D104<>"",מלאי!D104,"") -> Inbar A4 | B96: =IF(מלאי!D104<>"",מלאי!B104&IF(מלאי!C104<>""," ("&מלאי!C104&")",""),"") -> Poncho Inbar (V1) | C96: =IFERROR(INDEX(הגדרות!$S$2:$S$50,MATCH(מלאי!B104,הגדרות!$R$2:$R$50,0)),"")
A97: =IF(מלאי!D105<>"",מלאי!D105,"") -> Inbar א תצוגה | B97: =IF(מלאי!D105<>"",מלאי!B105&IF(מלאי!C105<>""," ("&מלאי!C105&")",""),"") -> Poncho Inbar (V1) | C97: =IFERROR(INDEX(הגדרות!$S$2:$S$50,MATCH(מלאי!B105,הגדרות!$R$2:$R$50,0)),"")
A98: =IF(מלאי!D106<>"",מלאי!D106,"") -> Inbar א הדגמה | B98: =IF(מלאי!D106<>"",מלאי!B106&IF(מלאי!C106<>""," ("&מלאי!C106&")",""),"") -> Poncho Inbar (V1) | C98: =IFERROR(INDEX(הגדרות!$S$2:$S$50,MATCH(מלאי!B106,הגדרות!$R$2:$R$50,0)),"")
A99: =IF(מלאי!D107<>"",מלאי!D107,"") -> Inbar A5 | B99: =IF(מלאי!D107<>"",מלאי!B107&IF(מלאי!C107<>""," ("&מלאי!C107&")",""),"") -> Poncho Inbar (V1) | C99: =IFERROR(INDEX(הגדרות!$S$2:$S$50,MATCH(מלאי!B107,הגדרות!$R$2:$R$50,0)),"")
A100: =IF(מלאי!D108<>"",מלאי!D108,"") -> Inbar A6 | B100: =IF(מלאי!D108<>"",מלאי!B108&IF(מלאי!C108<>""," ("&מלאי!C108&")",""),"") -> Poncho Inbar (V1) | C100: =IFERROR(INDEX(הגדרות!$S$2:$S$50,MATCH(מלאי!B108,הגדרות!$R$2:$R$50,0)),"")
A101: =IF(מלאי!D109<>"",מלאי!D109,"") -> Inbar A7 | B101: =IF(מלאי!D109<>"",מלאי!B109&IF(מלאי!C109<>""," ("&מלאי!C109&")",""),"") -> Poncho Inbar (V1) | C101: =IFERROR(INDEX(הגדרות!$S$2:$S$50,MATCH(מלאי!B109,הגדרות!$R$2:$R$50,0)),"")
A102: =IF(מלאי!D110<>"",מלאי!D110,"") -> A1 | B102: =IF(מלאי!D110<>"",מלאי!B110&IF(מלאי!C110<>""," ("&מלאי!C110&")",""),"") -> Poncho Sahar (V1) | C102: =IFERROR(INDEX(הגדרות!$S$2:$S$50,MATCH(מלאי!B110,הגדרות!$R$2:$R$50,0)),"")
A103: =IF(מלאי!D111<>"",מלאי!D111,"") -> A2 | B103: =IF(מלאי!D111<>"",מלאי!B111&IF(מלאי!C111<>""," ("&מלאי!C111&")",""),"") -> Poncho Sahar (V1) | C103: =IFERROR(INDEX(הגדרות!$S$2:$S$50,MATCH(מלאי!B111,הגדרות!$R$2:$R$50,0)),"")
... A110: =IF(מלאי!D118<>"",מלאי!D118,"") -> B1 | B110: =IF(מלאי!D118<>"",מלאי!B118&IF(מלאי!C118<>""," ("&מלאי!C118&")",""),"") -> Poncho Sahar (V2) | C110: =IFERROR(INDEX(הגדרות!$S$2:$S$50,MATCH(מלאי!B118,הגדרות!$R$2:$R$50,0)),"")
A111: =IF(מלאי!#REF!<>"",מלאי!#REF!,"") -> #REF! | B111: =IF(מלאי!#REF!<>"",מלאי!#REF!&IF(מלאי!#REF!<>""," ("&מלאי!#REF!&")",""),"") -> #REF! | C111: =IFERROR(INDEX(הגדרות!$S$2:$S$50,MATCH(מלאי!#REF!,הגדרות!$R$2:$R$50,0)),"")
A112: =IF(מלאי!#REF!<>"",מלאי!#REF!,"") -> #REF! | B112: =IF(מלאי!#REF!<>"",מלאי!#REF!&IF(מלאי!#REF!<>""," ("&מלאי!#REF!&")",""),"") -> #REF! | C112: =IFERROR(INDEX(הגדרות!$S$2:$S$50,MATCH(מלאי!#REF!,הגדרות!$R$2:$R$50,0)),"")
A113: =IF(מלאי!#REF!<>"",מלאי!#REF!,"") -> #REF! | B113: =IF(מלאי!#REF!<>"",מלאי!#REF!&IF(מלאי!#REF!<>""," ("&מלאי!#REF!&")",""),"") -> #REF! | C113: =IFERROR(INDEX(הגדרות!$S$2:$S$50,MATCH(מלאי!#REF!,הגדרות!$R$2:$R$50,0)),"")
A114: =IF(מלאי!#REF!<>"",מלאי!#REF!,"") -> #REF! | B114: =IF(מלאי!#REF!<>"",מלאי!#REF!&IF(מלאי!#REF!<>""," ("&מלאי!#REF!&")",""),"") -> #REF! | C114: =IFERROR(INDEX(הגדרות!$S$2:$S$50,MATCH(מלאי!#REF!,הגדרות!$R$2:$R$50,0)),"")
A115: =IF(מלאי!D119<>"",מלאי!D119,"") -> A4 | B115: =IF(מלאי!D119<>"",מלאי!B119&IF(מלאי!C119<>""," ("&מלאי!C119&")",""),"") -> Poncho Sahar (V1) | C115: =IFERROR(INDEX(הגדרות!$S$2:$S$50,MATCH(מלאי!B119,הגדרות!$R$2:$R$50,0)),"")
